no,a,b,c,d,e,f,g,h,j,k,l
0,0,3,0,1,2,2,2,3,0,3,2
1,3,3,1,3,3,1,0,0,3,0,0
2,3,2,3,2,3,1,2,3,2,2,2
3,2,3,1,1,0,1,0,2,2,1,3
4,1,0,3,0,0,3,3,3,1,2,3
5,3,1,2,2,2,0,2,1,3,3,2
6,3,2,2,1,0,0,0,3,1,0,1
7,1,1,1,0,2,0,3,3,2,2,0
8,3,2,2,0,1,3,3,1,0,2,2
9,3,3,3,1,3,0,3,1,1,2,3
10,1,2,2,1,0,3,1,1,0,0,1
11,2,1,1,1,3,2,1,3,1,1,1
12,0,2,2,3,0,0,1,1,1,2,2
13,2,2,2,0,3,3,3,0,2,1,1
14,3,3,3,0,1,3,0,3,0,3,2
15,2,1,2,3,1,3,3,0,0,1,2
16,1,1,0,1,0,0,0,2,1,3,2
17,3,0,0,1,3,0,0,0,1,3,0
18,2,2,3,0,3,1,3,1,0,0,0
19,2,1,0,3,1,1,1,3,0,3,0
20,2,1,2,0,0,0,3,0,3,2,2
21,0,3,1,3,0,3,2,0,1,1,1
22,3,2,1,0,1,3,0,0,1,0,1
23,2,0,3,1,2,2,2,3,3,0,3
24,0,1,1,0,0,2,3,0,0,2,3
25,3,2,2,2,2,2,1,0,0,1,1
26,3,0,1,2,1,3,1,0,3,1,2
27,3,2,1,0,0,3,0,3,2,3,0
28,3,2,2,3,3,3,0,3,0,1,2
29,2,3,1,2,3,0,1,3,3,2,3
30,3,2,2,1,3,2,1,2,1,3,3
31,3,1,2,1,2,1,0,3,1,3,0
32,2,3,2,3,1,1,3,1,1,3,1
33,3,3,0,3,3,1,0,3,1,2,0
34,2,3,0,0,0,2,1,0,3,0,0
35,3,2,2,3,2,0,2,0,1,1,1
36,3,3,3,3,0,2,2,1,3,1,2
37,1,2,2,1,3,3,0,1,1,1,0
38,3,2,0,3,0,1,0,0,0,2,0
39,2,3,3,1,0,2,0,3,1,2,0
40,2,0,0,3,2,2,1,3,1,2,1
41,0,2,0,2,0,0,3,0,2,1,0
42,2,3,3,2,0,2,0,1,0,3,2
43,3,2,3,3,2,0,2,0,2,1,0
44,3,0,1,3,2,2,3,3,0,1,3
45,2,3,0,3,1,3,3,1,3,1,0
46,2,3,1,2,1,0,2,0,3,0,2
47,3,2,1,1,2,3,2,1,1,2,1
48,2,3,3,3,2,3,2,2,3,0,3
49,2,1,1,1,0,2,3,0,2,3,1
50,2,2,2,1,3,3,0,2,3,1,3
51,0,0,3,3,0,0,0,2,1,2,3
52,0,3,1,3,1,0,1,2,1,1,0
53,1,3,2,2,3,2,2,1,1,3,0
54,1,1,0,2,1,0,3,3,0,2,2
55,3,3,0,1,1,3,3,1,2,0,2
56,3,1,1,0,3,1,1,0,2,1,0
57,3,2,0,1,1,3,1,1,1,0,3
58,3,0,0,0,1,0,0,0,3,3,2
59,3,3,0,0,2,2,2,1,1,2,1
60,3,3,2,0,0,2,1,3,2,3,1
61,0,3,3,0,1,0,0,3,3,0,2
62,2,2,0,0,1,2,0,1,3,2,1
63,2,1,0,1,3,1,3,0,0,1,0
64,2,0,3,2,0,1,3,0,2,2,2
65,0,0,1,1,3,3,0,3,1,0,1
66,0,0,0,0,3,1,3,1,3,2,2
67,0,3,0,1,1,0,0,2,0,1,2
68,2,1,1,3,1,2,3,1,3,0,3
69,1,3,0,0,3,0,0,0,1,2,0
70,0,0,3,0,0,0,3,2,2,1,3
71,0,0,1,1,3,0,3,2,1,1,2
72,3,2,2,1,0,1,2,3,3,1,3
73,0,0,3,0,3,1,2,0,2,0,2
74,2,1,0,2,2,1,1,3,2,1,0
75,0,1,2,1,0,2,3,3,0,1,2
76,2,2,1,0,2,3,2,2,3,2,0
77,2,3,2,0,2,0,2,1,2,2,1
78,3,0,3,0,1,0,2,3,3,3,2
79,1,1,3,2,2,2,1,0,3,3,2
80,3,1,2,1,1,3,2,2,0,1,2
81,1,0,0,0,2,1,1,0,2,3,1
82,3,2,1,1,3,2,0,1,0,2,2
83,3,3,0,1,3,0,2,1,2,2,2
84,0,0,2,1,2,3,3,3,3,0,3
85,1,2,1,3,1,0,0,1,0,1,1
86,0,3,1,3,1,3,1,3,0,1,1
87,3,1,1,2,2,1,2,2,1,3,1
88,3,2,0,3,0,0,0,2,1,2,2
89,2,1,3,3,3,3,3,0,2,2,3
90,2,0,3,0,3,3,2,0,2,0,0
91,0,1,1,0,0,2,2,3,3,0,1
92,0,0,1,1,3,0,2,2,3,1,3
93,3,0,0,2,1,0,2,2,0,3,2
94,0,3,1,0,0,3,0,3,0,1,1
95,3,0,0,3,3,3,2,0,3,2,0
96,2,3,0,0,1,2,3,2,2,1,2
97,3,1,2,1,2,2,3,1,2,3,0
98,0,3,2,2,3,3,2,0,3,1,0
99,1,1,1,1,3,1,1,1,0,0,1
100,2,0,1,3,3,0,3,1,0,1,0
101,3,2,0,3,0,3,3,0,0,2,3
102,2,1,0,3,0,0,3,1,1,0,1
103,2,1,3,1,1,1,3,3,2,1,0
104,1,3,1,0,2,3,2,3,3,1,2
105,3,1,1,0,2,3,2,3,3,0,2
106,2,2,3,0,1,1,2,3,2,2,3
107,1,3,0,1,2,0,1,2,0,1,3
108,3,2,2,1,2,2,3,3,0,2,3
109,3,1,2,3,0,2,0,3,3,2,3
110,1,1,0,2,1,3,1,0,3,1,1
111,0,2,3,2,1,0,2,0,2,1,3
112,2,2,2,0,0,1,1,1,2,0,2
113,2,1,1,2,2,1,1,0,3,0,0
114,3,1,3,2,3,3,2,2,1,1,3
115,1,2,1,1,1,3,1,1,3,0,3
116,1,2,3,2,2,3,2,1,3,3,0
117,3,2,3,1,3,0,2,2,1,1,2
118,3,0,3,2,1,0,2,2,0,2,1
119,0,0,1,0,1,0,0,2,1,3,1
120,1,0,3,1,2,1,0,3,1,3,1
121,1,1,3,0,1,3,2,1,1,2,3
122,0,3,3,2,0,0,3,2,1,2,3
123,3,2,0,0,3,2,1,1,0,1,1
124,2,0,1,2,3,3,3,3,1,3,1
125,0,2,0,3,0,2,0,3,0,3,1
126,0,3,3,0,1,0,1,3,3,2,1
127,3,0,1,3,0,3,3,2,3,0,3
128,3,1,3,2,2,3,3,0,3,2,1
129,2,2,1,2,3,1,1,0,2,0,3
130,0,1,3,1,0,2,2,3,0,1,1
131,3,3,3,1,3,0,1,3,1,1,0
132,2,2,0,2,0,1,2,2,1,1,0
133,1,2,0,0,2,2,1,1,3,2,0
134,0,2,1,2,3,1,2,1,3,2,2
135,1,1,3,1,3,2,2,0,1,1,1
136,1,0,1,1,0,3,2,3,3,2,0
137,1,0,2,3,3,3,1,1,3,2,1
138,3,0,3,2,3,2,0,3,3,0,0
139,1,1,1,3,3,2,2,0,1,2,0
140,3,0,1,1,3,2,1,3,3,3,2
141,3,0,2,3,2,0,0,3,3,0,3
142,3,2,0,1,1,1,2,2,1,3,2
143,2,1,0,2,2,2,3,0,3,0,3
144,3,1,1,2,1,1,0,1,3,3,3
145,0,0,0,1,1,3,0,2,2,2,0
146,2,0,3,0,0,3,3,3,0,3,0
147,3,1,0,0,2,0,3,2,3,2,0
148,3,0,0,0,3,1,3,2,0,0,0
149,2,3,3,1,2,0,0,0,3,0,3
150,3,3,2,0,2,0,0,3,0,2,1
151,3,3,1,2,3,2,0,2,1,0,0
152,3,0,2,3,3,0,3,1,2,0,2
153,3,3,3,0,3,2,2,3,2,3,1
154,3,1,2,3,2,1,3,0,3,1,1
155,2,1,2,3,3,1,2,1,2,2,0
156,1,3,1,0,3,2,3,1,3,2,1
157,1,2,2,0,2,1,0,2,3,1,2
158,0,1,0,2,0,3,3,2,3,2,1
159,1,0,1,2,3,0,0,1,1,3,2
160,3,0,1,2,0,3,3,3,3,2,3
161,1,1,0,0,0,3,1,1,2,0,1
162,2,3,0,2,3,3,3,1,3,0,3
163,3,3,1,0,3,3,2,3,0,0,2
164,3,1,0,1,0,2,0,0,3,2,3
165,2,2,1,0,0,0,3,3,2,2,0
166,3,3,2,2,1,3,0,0,2,0,1
167,3,3,3,3,3,1,3,2,2,3,3
168,1,0,3,0,3,1,1,0,0,1,1
169,1,2,0,1,2,3,1,2,2,1,3
170,1,0,0,0,3,3,2,2,3,2,3
171,2,3,0,2,2,2,3,0,3,0,1
172,0,1,1,3,1,3,3,1,1,2,2
173,3,3,2,0,1,0,0,1,1,0,0
174,1,3,3,0,2,0,1,1,3,3,0
175,0,3,1,3,2,2,3,0,0,3,3
176,1,2,0,2,0,3,3,2,1,2,3
177,2,0,2,2,1,3,0,3,3,3,0
178,2,0,1,1,3,0,1,1,3,0,0
179,2,0,1,3,1,3,3,3,3,0,1
180,1,3,0,2,1,2,2,2,2,2,2
181,1,3,1,3,1,2,0,2,2,1,3
182,1,2,3,0,3,3,1,2,1,3,3
183,1,2,1,3,3,2,1,2,3,2,1
184,1,2,3,0,1,0,2,2,3,1,3
185,2,2,0,2,2,3,0,3,3,1,3
186,0,0,3,0,2,3,3,1,0,1,1
187,1,1,0,0,0,0,3,3,0,0,0
188,0,2,0,1,1,0,3,0,0,2,3
189,0,3,3,0,1,0,0,0,1,3,1
190,0,3,1,2,2,1,2,2,2,1,1
191,3,0,3,3,2,2,1,2,0,0,3
192,3,3,0,1,0,3,0,0,0,0,0
193,0,1,2,2,2,1,0,2,2,2,1
194,2,2,1,0,0,3,1,3,1,0,1
195,3,1,1,2,3,2,2,3,2,0,2
196,2,3,2,1,3,1,0,1,0,3,2
197,3,1,3,1,3,1,1,1,2,3,2
198,3,1,2,2,2,0,3,0,1,0,0
199,2,0,1,3,1,1,3,0,3,0,1
200,0,2,3,3,1,1,0,1,3,3,3
201,1,0,3,2,2,3,3,0,3,1,2
202,1,0,1,3,1,1,3,2,2,1,2
203,3,3,0,2,1,2,2,1,2,1,0
204,0,0,2,3,0,3,3,1,3,0,1
205,3,3,0,2,0,0,0,1,3,2,2
206,0,3,0,1,1,2,2,3,1,1,3
207,0,1,2,0,1,2,3,2,2,1,2
208,1,1,3,0,2,1,0,3,1,2,1
209,2,2,3,0,0,2,3,3,2,0,0
210,0,1,3,3,0,1,2,2,0,0,1
211,3,3,2,3,2,0,1,2,2,1,0
212,1,1,1,0,0,0,3,0,1,1,1
213,3,1,3,3,0,1,3,2,1,1,0
214,1,3,1,3,2,2,1,1,3,0,1
215,0,1,0,1,3,3,2,3,0,2,3
216,0,1,2,1,0,0,1,2,1,0,2
217,1,0,2,2,3,0,1,3,3,3,3
218,3,0,3,2,3,3,3,3,1,2,0
219,2,1,3,0,0,0,1,1,3,0,2
220,2,3,3,1,0,1,1,3,0,0,1
221,2,1,0,3,3,3,2,1,1,0,3
222,0,2,2,1,1,0,2,1,3,3,0
223,0,1,3,3,0,2,0,0,2,0,3
224,3,0,0,3,1,0,3,0,0,2,0
225,1,2,0,3,0,3,0,2,2,0,3
226,3,1,3,2,0,2,0,1,2,3,0
227,0,1,2,1,2,0,2,3,1,0,1
228,1,2,2,2,1,3,1,2,3,1,1
229,1,2,2,1,0,0,1,0,0,0,1
230,3,3,2,1,2,3,0,1,0,1,3
231,1,2,1,0,2,3,0,0,0,0,2
232,3,0,1,1,0,3,1,3,0,2,0
233,3,0,2,3,3,2,1,3,0,2,0
234,0,0,2,1,1,0,2,3,0,3,1
235,3,1,2,2,2,0,0,0,3,1,0
236,2,3,0,0,2,3,2,1,1,0,2
237,1,3,2,0,2,1,2,2,1,3,0
238,0,3,2,3,3,3,1,3,0,1,0
239,0,2,0,2,2,2,1,2,0,0,3
240,0,1,0,3,0,0,0,3,3,2,2
241,3,1,1,0,0,3,0,1,1,0,2
242,0,0,0,1,0,1,3,1,0,3,3
243,0,3,1,1,2,2,0,3,3,0,3
244,3,2,1,2,2,1,1,1,3,0,1
245,1,3,1,2,1,3,2,0,3,1,3
246,0,0,1,0,3,2,0,3,3,3,1
247,3,0,0,1,3,3,3,0,2,0,2
248,2,3,1,2,3,3,2,0,1,3,1
249,2,1,0,3,2,1,3,0,0,0,3
250,2,3,2,3,3,0,1,1,0,2,1
251,1,2,2,0,3,1,3,0,0,3,0
252,2,3,2,2,0,2,2,1,0,2,0
253,2,2,0,1,3,2,3,2,0,1,3
254,2,2,0,1,0,3,2,3,1,3,1
255,3,0,2,3,0,3,0,3,2,0,3
256,3,0,2,0,1,1,0,0,1,3,1
257,1,1,3,0,0,3,2,3,3,0,2
258,2,1,0,0,3,3,3,2,3,1,3
259,2,1,1,2,1,1,0,2,2,2,1
260,0,2,0,2,3,3,0,1,2,1,2
261,1,0,1,2,1,1,2,3,3,3,2
262,2,2,0,0,1,3,1,3,0,1,2
263,2,1,1,1,0,3,0,2,0,1,1
264,0,0,0,1,2,2,3,2,2,0,1
265,1,3,0,1,1,1,3,0,1,1,3
266,0,1,1,3,2,1,2,3,1,3,2
267,1,0,0,2,0,1,2,2,3,2,2
268,2,2,0,0,2,0,3,2,1,3,0
269,3,2,2,1,1,2,1,1,2,1,0
270,2,0,1,0,1,0,2,2,3,0,3
271,1,0,2,3,1,2,3,0,2,2,0
272,0,1,0,2,2,3,2,3,1,1,3
273,0,0,0,2,1,0,3,1,1,2,2
274,3,1,2,3,0,1,3,0,0,3,1
275,0,0,1,1,1,3,0,0,2,2,1
276,3,3,3,2,1,3,0,1,3,2,1
277,3,1,3,0,3,2,3,3,2,1,0
278,2,3,2,2,3,1,2,2,0,0,3
279,3,2,3,3,2,1,1,3,1,3,2
280,1,1,1,2,2,1,3,2,3,0,1
281,2,3,3,3,1,1,3,3,0,1,3
282,0,0,3,3,2,1,2,2,2,0,0
283,0,1,3,3,0,2,2,2,1,1,2
284,1,1,0,1,3,1,1,1,2,0,0
285,1,2,2,1,2,3,3,2,1,0,0
286,0,1,0,1,1,3,1,0,0,0,1
287,0,2,0,2,2,0,2,0,2,1,3
288,1,2,1,3,3,1,2,0,3,1,3
289,2,0,0,1,1,2,1,0,2,1,3
290,2,1,0,2,1,2,1,3,0,0,3
291,0,1,3,3,0,0,2,2,0,3,0
292,0,0,0,2,0,1,1,1,1,0,1
293,0,1,0,1,1,0,2,1,1,2,0
294,3,2,2,3,1,2,1,0,3,3,3
295,0,2,0,1,1,1,1,1,1,0,3
296,1,2,1,2,2,1,0,0,0,0,1
297,0,2,3,0,2,0,3,0,1,2,2
298,2,2,3,1,2,2,3,1,2,2,0
299,0,3,1,0,3,1,2,0,1,2,3
300,0,1,1,3,2,1,2,2,2,3,1
301,1,0,1,0,0,1,2,0,0,0,3
302,3,0,2,2,2,0,0,1,3,1,2
303,3,3,2,0,3,2,2,2,3,2,0
304,1,2,1,0,0,1,0,3,0,3,1
305,0,1,0,1,3,2,0,3,3,1,2
306,0,3,1,2,3,2,2,3,2,3,2
307,1,3,0,1,1,3,3,1,0,1,0
308,2,0,2,0,2,3,1,2,2,3,0
309,0,1,2,2,3,0,3,2,2,2,3
310,3,2,0,2,2,1,0,1,3,3,1
311,1,0,0,0,1,0,0,2,3,1,1
312,0,1,0,0,1,1,1,0,1,0,2
313,3,3,0,1,1,2,0,2,2,0,3
314,3,3,2,1,3,2,1,2,2,1,3
315,3,0,1,1,1,3,0,1,0,1,1
316,0,0,3,1,3,2,1,2,3,0,2
317,3,3,3,2,2,0,0,3,3,2,2
318,0,0,1,2,3,3,0,1,2,1,0
319,2,1,1,2,3,1,3,0,3,2,1
320,2,3,3,1,1,3,1,3,2,0,3
321,0,3,3,1,2,1,2,2,2,2,3
322,1,3,0,1,1,1,1,1,1,2,1
323,3,2,0,1,2,2,1,0,1,2,0
324,3,0,0,3,1,0,3,0,0,0,1
325,1,0,0,0,2,1,0,3,1,2,2
326,0,1,2,0,1,0,0,3,1,1,1
327,0,3,0,1,3,1,0,3,2,2,1
328,0,3,1,1,2,0,2,1,1,0,1
329,0,1,0,2,2,2,0,2,3,3,0
330,0,2,1,3,0,0,3,3,0,3,0
331,2,3,3,2,1,1,3,1,1,2,0
332,2,2,1,3,2,1,2,1,3,3,3
333,2,1,2,2,1,1,2,2,2,0,2
334,2,0,1,2,2,3,2,0,3,1,2
335,0,2,2,3,3,3,3,3,0,3,2
336,2,0,2,1,0,1,3,3,3,1,0
337,1,2,3,2,2,1,0,1,3,0,0
338,3,2,0,1,3,1,0,2,0,0,0
339,1,3,2,3,3,1,3,0,0,3,1
340,0,1,2,1,1,2,3,0,2,1,0
341,3,3,2,2,2,2,1,1,2,3,0
342,2,3,0,1,0,2,0,0,1,1,2
343,0,3,0,0,1,1,1,2,0,3,3
344,2,2,3,0,3,3,0,0,3,3,1
345,0,3,1,0,3,1,0,0,0,2,3
346,0,3,2,0,1,1,1,1,3,0,2
347,3,0,0,1,3,1,0,2,3,2,1
348,1,2,3,1,2,2,1,2,2,2,1
349,2,2,2,3,3,1,2,3,2,1,1
350,0,3,3,0,0,3,3,1,2,1,2
351,2,1,1,3,2,2,1,0,0,0,0
352,0,3,2,2,3,3,2,2,2,0,2
353,3,0,2,0,2,3,3,3,0,3,1
354,3,3,0,2,0,3,0,3,2,2,2
355,2,2,3,1,3,3,1,1,0,1,2
356,1,0,0,0,0,1,0,3,2,3,1
357,2,3,0,0,0,3,0,2,0,1,2
358,1,3,2,3,0,2,0,1,3,3,2
359,0,3,3,0,0,0,3,3,2,2,1
360,3,3,0,1,2,1,3,1,0,1,0
361,0,0,1,3,1,3,1,3,3,1,0
362,0,3,1,1,2,2,2,0,1,2,3
363,0,2,3,1,0,1,3,3,3,2,3
364,2,2,1,2,0,2,0,1,3,3,0
365,3,1,2,1,0,3,1,3,1,1,0
366,0,2,2,3,2,0,0,3,1,3,1
367,3,0,1,3,3,1,1,3,2,2,0
368,0,3,0,0,3,1,1,1,2,2,1
369,2,0,3,1,2,1,3,2,2,2,1
370,2,2,3,3,2,3,1,1,2,1,0
371,1,3,0,1,2,0,3,3,0,3,3
372,3,1,1,2,2,3,3,2,2,3,2
373,0,0,0,0,1,3,2,2,1,1,1
374,2,0,1,2,1,3,1,0,0,2,3
375,1,0,3,2,0,0,1,0,1,0,2
376,0,2,1,0,2,0,0,1,2,0,2
377,0,3,0,1,1,2,0,3,3,3,1
378,1,3,2,1,3,3,2,3,0,3,2
379,1,2,1,3,3,1,1,1,2,2,3
380,3,1,1,0,0,2,1,1,0,1,2
381,1,0,1,2,1,3,1,3,1,3,0
382,0,3,2,0,3,0,1,0,0,2,0
383,0,1,3,2,0,0,2,2,2,0,0
384,2,2,3,2,1,0,2,1,0,1,0
385,0,3,2,2,1,2,3,1,2,2,3
386,1,2,0,0,1,0,3,0,2,3,0
387,1,3,0,3,0,1,2,0,3,2,0
388,1,3,2,1,1,1,2,0,3,3,2
389,2,1,2,1,0,2,0,1,2,1,2
390,3,1,3,2,0,1,1,3,1,0,1
391,2,2,0,3,0,3,0,0,1,1,3
392,1,1,2,2,1,3,2,1,0,2,0
393,2,3,1,0,1,2,2,3,1,1,3
394,0,0,0,3,2,3,2,1,3,0,3
395,2,1,3,1,2,3,3,0,0,2,0
396,2,2,1,2,3,1,0,3,0,3,1
397,2,1,1,0,3,2,1,2,3,3,1
398,2,2,2,2,1,1,0,3,2,2,0
399,1,3,1,3,1,2,2,3,0,1,0
400,3,1,3,0,2,1,3,3,1,0,3
401,1,0,0,0,0,1,3,1,3,1,3
402,3,0,3,0,0,1,2,0,1,1,3
403,2,0,1,0,2,0,2,1,1,2,3
404,2,2,0,3,1,2,3,2,3,1,2
405,1,2,2,1,2,0,3,0,1,3,0
406,3,0,3,0,3,0,1,0,1,1,3
407,3,0,3,0,3,3,0,1,0,1,2
408,2,3,1,2,1,3,3,1,1,2,3
409,3,0,3,0,2,2,3,2,3,3,0
410,3,3,3,0,3,3,1,1,1,1,0
411,1,3,0,0,0,0,2,2,0,2,2
412,0,1,1,1,1,0,0,3,3,0,2
413,2,2,1,3,0,3,1,2,2,3,1
414,0,3,2,0,1,0,0,2,1,3,3
415,3,2,3,3,2,1,2,0,1,2,2
416,0,0,1,2,3,3,1,2,0,0,1
417,2,3,0,3,3,3,1,3,3,1,3
418,3,2,1,2,2,1,3,0,1,0,0
419,3,2,3,1,3,0,3,0,1,3,3
420,3,1,2,1,2,0,0,3,2,0,3
421,1,1,2,0,1,2,0,0,2,1,2
422,1,1,3,2,2,1,2,1,0,3,2
423,0,1,2,3,0,1,3,3,3,3,1
424,3,3,1,0,1,1,3,2,3,0,0
425,0,1,1,0,1,3,2,3,2,2,0
426,2,3,3,2,3,0,0,1,3,0,2
427,3,0,2,1,1,0,2,3,1,3,1
428,1,2,3,2,0,0,3,2,1,1,2
429,1,1,1,3,0,0,3,2,0,0,2
430,1,1,0,1,2,2,2,2,0,0,1
431,0,3,2,1,2,2,2,1,2,3,0
432,1,3,2,1,3,0,2,0,3,3,2
433,1,3,1,0,3,0,0,0,0,3,1
434,2,1,1,3,2,1,3,2,0,3,0
435,2,0,2,0,2,3,0,3,2,1,0
436,2,3,2,3,3,1,1,2,2,1,1
437,3,1,3,2,3,2,1,1,2,2,2
438,2,0,1,3,3,1,3,2,3,1,2
439,2,1,2,2,1,0,0,3,3,1,1
440,1,1,3,0,3,2,2,3,1,2,3
441,3,3,3,1,3,0,0,3,0,1,2
442,3,2,3,1,3,0,2,3,0,2,2
443,0,2,1,0,1,1,0,1,1,0,0
444,2,3,1,2,2,3,1,0,0,0,3
445,1,3,2,0,3,2,2,0,0,2,3
446,1,0,1,1,2,1,0,1,0,0,1
447,0,0,1,1,0,3,1,1,0,3,1
448,1,2,2,3,0,3,2,0,1,1,0
449,2,1,0,1,1,0,2,2,2,0,0
450,1,1,2,3,0,1,2,3,3,2,3
451,2,3,3,1,1,3,1,3,0,1,3
452,3,0,1,0,0,2,0,0,0,3,3
453,2,0,2,0,0,2,3,3,2,1,0
454,1,0,3,1,1,1,2,0,1,0,1
455,1,1,0,1,3,0,3,2,3,3,0
456,3,1,1,3,0,1,3,2,0,2,1
457,2,3,3,1,3,0,0,2,1,1,2
458,3,1,0,2,2,0,3,2,0,3,1
459,1,3,1,2,0,1,2,0,1,1,0
460,1,2,2,3,3,1,1,3,0,0,1
461,1,3,2,0,1,1,2,3,1,3,3
462,3,2,1,1,3,1,1,1,3,0,1
463,1,1,1,3,1,2,3,0,1,0,2
464,3,0,0,0,2,3,1,2,1,1,3
465,1,1,1,0,0,1,2,1,1,1,2
466,3,0,3,3,3,2,1,1,0,2,3
467,0,1,0,2,0,2,3,1,1,0,3
468,2,0,0,3,3,3,1,1,0,1,2
469,3,3,3,3,3,0,3,2,0,0,3
470,0,0,1,0,0,1,3,2,1,0,2
471,3,0,2,0,2,3,3,1,2,2,0
472,2,3,3,0,0,2,1,2,2,0,3
473,1,2,2,0,2,3,3,3,2,0,0
474,1,1,3,1,1,0,0,0,3,3,0
475,3,3,3,2,0,2,3,2,3,0,3
476,2,2,0,0,3,1,2,0,2,0,1
477,0,2,3,1,2,1,3,2,0,2,2
478,3,3,0,0,1,2,2,2,3,0,2
479,0,2,2,0,2,2,1,3,1,2,2
480,0,3,0,2,0,2,2,0,2,3,3
481,3,1,0,1,1,1,1,0,3,1,1
482,2,1,2,1,1,3,3,3,1,0,1
483,0,1,2,0,2,2,0,2,0,3,0
484,0,1,1,0,0,3,0,2,1,0,2
485,2,0,1,1,0,2,0,0,3,0,3
486,0,1,1,0,0,1,1,2,0,1,1
487,3,3,3,1,2,1,2,1,0,3,1
488,3,2,0,3,0,3,0,1,0,1,2
489,2,3,0,2,2,3,0,2,2,3,1
490,1,1,3,0,1,1,0,1,1,1,3
491,0,0,3,0,0,0,0,3,0,2,3
492,0,2,3,0,0,3,0,3,2,3,2
493,1,2,2,1,2,2,1,3,0,0,2
494,2,2,0,3,3,0,1,2,3,1,1
495,0,1,0,1,0,2,2,1,3,0,1
496,0,3,2,2,3,3,2,0,2,2,2
497,0,3,0,2,2,3,3,1,0,3,2
498,0,0,0,0,0,3,3,3,1,3,2
499,3,2,1,1,2,0,1,0,1,3,2
500,0,3,0,1,3,2,3,1,3,3,3
501,1,0,1,3,0,1,3,0,0,0,3
502,0,0,2,2,3,3,2,2,1,2,0
503,0,0,2,3,2,3,0,1,2,3,2
504,3,0,3,0,1,1,3,3,2,2,2
505,3,3,1,1,1,0,3,2,0,1,2
506,2,2,0,2,2,1,2,3,1,1,2
507,1,0,1,0,1,2,3,0,3,1,2
508,0,3,3,1,2,1,1,3,0,2,2
509,3,2,0,0,0,3,3,3,3,0,3
510,1,1,1,2,2,3,0,2,3,3,0
511,3,3,2,2,2,3,2,2,2,2,1
512,0,2,2,0,3,3,1,1,2,3,1
513,3,1,3,1,0,2,0,3,2,2,2
514,3,0,3,1,1,3,0,0,2,3,0
515,1,2,2,1,0,3,3,2,3,0,3
516,0,2,3,2,3,0,0,3,3,1,3
517,2,0,1,3,1,3,2,0,3,1,2
518,3,0,1,2,1,0,1,3,0,0,1
519,3,2,0,2,0,2,1,1,1,0,3
520,1,0,1,3,1,1,3,2,1,0,0
521,2,1,3,3,2,2,2,1,0,1,0
522,1,2,2,1,2,3,2,3,0,0,3
523,1,2,3,3,3,2,1,3,2,3,2
524,3,2,3,2,2,2,0,1,3,2,1
525,3,3,3,3,1,3,3,2,2,1,3
526,2,1,0,0,1,0,3,3,0,0,0
527,0,2,1,1,1,3,0,1,3,1,3
528,2,3,2,3,0,3,2,1,3,2,0
529,1,1,1,1,2,2,2,3,3,1,1
530,3,1,2,0,2,3,0,1,0,0,2
531,1,3,1,0,3,3,1,0,0,3,1
532,1,1,2,2,3,1,3,0,3,2,0
533,3,1,2,1,1,0,1,0,2,2,2
534,0,1,1,0,1,3,2,2,0,3,0
535,0,3,0,0,3,1,0,2,2,2,2
536,3,1,3,2,0,3,1,1,3,2,0
537,0,1,2,0,1,0,2,0,1,1,1
538,3,3,0,3,1,1,1,1,1,2,0
539,2,1,0,1,3,1,1,3,3,0,1
540,0,0,0,3,3,1,3,2,1,0,1
541,3,1,1,2,3,1,2,3,0,2,0
542,0,0,3,3,0,3,1,3,3,1,0
543,1,1,0,0,1,2,2,2,1,3,3
544,1,2,0,0,3,2,3,2,1,3,2
545,0,2,0,2,2,3,0,0,2,3,3
546,2,2,0,0,0,0,2,3,3,0,2
547,3,2,2,2,3,0,1,1,2,3,0
548,3,3,0,2,2,0,3,3,1,3,2
549,1,3,2,1,2,2,1,1,0,2,3
550,2,3,1,0,1,3,0,1,2,3,0
551,1,3,2,2,1,1,2,3,3,3,1
552,1,2,1,1,0,0,2,3,0,2,1
553,1,2,1,3,0,1,3,1,1,1,0
554,3,1,2,2,3,1,1,0,3,2,3
555,2,3,0,3,3,1,2,3,0,0,3
556,1,3,1,0,3,3,1,1,1,3,0
557,2,3,2,0,1,0,0,2,3,2,2
558,2,2,0,1,3,2,1,3,2,1,3
559,3,0,3,1,0,2,2,2,2,3,1
560,2,2,0,0,0,2,3,2,0,2,1
561,3,1,0,1,1,1,2,0,3,1,1
562,2,2,0,2,3,1,1,0,3,3,2
563,2,0,3,2,3,2,1,3,1,0,0
564,1,1,3,0,3,1,2,2,2,0,1
565,0,2,0,1,2,3,1,0,3,0,3
566,1,1,1,1,1,2,0,1,2,3,3
567,0,1,0,0,2,2,1,0,2,2,3
568,1,2,0,0,0,0,0,0,0,2,0
569,2,0,1,2,2,3,2,0,3,2,1
570,1,2,3,3,1,2,2,1,1,0,2
571,1,1,2,2,0,2,0,2,0,1,1
572,2,1,2,3,2,1,2,1,3,3,3
573,1,2,1,1,2,3,1,3,3,0,2
574,3,3,2,2,2,1,0,0,2,0,3
575,2,1,0,3,2,2,2,3,3,2,2
576,1,0,1,3,3,2,0,0,0,3,2
577,0,3,1,3,0,3,0,1,3,3,2
578,2,1,1,3,2,3,2,1,2,1,3
579,2,3,2,0,0,0,0,0,2,3,0
580,2,1,0,0,2,2,3,3,3,1,0
581,3,0,2,1,3,2,2,1,2,0,0
582,2,0,3,2,0,2,1,3,1,2,1
583,2,3,3,3,0,1,1,3,1,1,2
584,1,0,1,0,0,2,1,1,1,2,0
585,1,1,0,1,1,3,1,0,1,1,2
586,0,0,3,3,3,1,3,2,0,3,3
587,3,3,2,2,1,2,1,3,0,0,2
588,1,1,3,0,0,3,3,3,1,1,1
589,3,0,0,3,1,0,2,2,0,0,1
590,0,1,3,1,3,2,3,0,2,0,1
591,2,0,2,1,2,0,2,2,2,1,0
592,1,1,0,3,3,1,0,3,1,2,3
593,3,0,0,0,1,1,1,0,0,3,1
594,0,2,2,0,2,0,0,2,0,1,0
595,1,2,3,0,1,1,1,1,1,3,3
596,3,1,3,0,3,0,3,0,3,1,1
597,0,0,2,1,1,1,1,2,3,1,2
598,0,3,3,1,1,1,1,0,2,3,0
599,2,3,2,3,0,0,0,3,0,2,1
600,2,1,3,2,3,2,0,0,0,3,1
601,1,1,3,1,0,1,2,0,1,3,0
602,1,1,2,1,0,3,0,2,0,2,2
603,3,3,0,2,2,3,3,2,1,1,2
604,1,1,0,2,0,0,1,1,0,2,2
605,3,2,2,3,2,1,0,3,1,0,2
606,2,1,3,2,1,0,1,0,0,2,1
607,1,0,0,1,1,1,0,2,1,2,1
608,1,0,1,1,1,1,2,3,3,2,1
609,1,1,1,3,3,0,0,2,0,1,0
610,1,1,3,0,0,3,3,1,2,3,3
611,2,3,0,1,1,1,0,3,0,1,3
612,0,3,0,0,2,2,2,2,2,3,1
613,0,0,2,2,3,1,3,0,3,3,0
614,3,1,3,3,2,1,1,3,2,2,2
615,3,2,3,3,0,2,0,0,3,0,2
616,0,3,3,0,0,3,1,3,3,2,3
617,0,2,3,2,1,3,3,3,3,2,0
618,0,1,1,1,1,1,1,1,2,0,0
619,1,2,2,0,1,2,3,0,2,1,1
620,1,0,0,1,2,1,1,2,3,1,0
621,3,2,2,0,2,0,3,2,2,1,2
622,0,0,0,3,1,0,0,3,1,2,2
623,3,0,0,3,2,3,1,2,0,0,0
624,3,3,2,2,0,2,0,0,1,0,3
625,0,2,2,1,3,1,3,2,2,1,1
626,0,0,1,1,3,2,3,1,0,0,0
627,2,0,0,1,0,2,1,3,0,2,2
628,0,0,3,0,2,2,3,3,0,2,3
629,0,2,1,2,2,2,1,2,3,3,0
630,3,1,0,2,0,2,2,3,0,0,2
631,3,2,3,0,0,0,2,2,1,3,0
632,1,0,3,3,1,3,3,0,2,3,0
633,1,1,2,0,3,1,0,3,1,0,1
634,3,2,0,0,2,2,3,1,2,1,0
635,1,1,0,0,2,2,1,3,1,2,0
636,3,0,0,0,2,3,1,0,3,0,2
637,0,2,1,0,1,3,3,3,3,3,2
638,3,0,2,1,2,2,1,0,0,2,0
639,2,3,0,2,2,0,0,2,1,0,1
640,2,0,3,1,3,1,0,0,2,1,3
641,2,3,2,1,0,1,3,1,1,2,1
642,0,0,2,0,3,1,0,0,3,2,0
643,3,2,3,3,0,1,0,3,2,2,0
644,2,3,2,3,0,1,3,3,2,3,1
645,2,2,2,3,1,2,2,3,0,0,2
646,2,3,0,2,0,2,1,0,0,3,1
647,3,3,3,3,3,3,3,0,0,3,2
648,0,3,2,2,3,0,2,2,0,2,1
649,3,2,2,1,0,3,0,0,0,2,1
650,1,1,2,3,0,3,2,0,0,1,0
651,0,3,3,3,0,0,3,3,2,0,1
652,3,2,0,2,0,2,1,3,3,0,2
653,2,2,3,1,1,3,2,3,2,2,1
654,0,1,1,0,1,1,2,2,1,1,3
655,3,1,3,3,0,0,3,2,2,1,2
656,0,0,3,3,1,2,3,1,3,2,1
657,3,0,1,1,0,1,1,2,0,0,3
658,0,3,0,0,2,3,1,3,2,0,1
659,3,3,1,1,0,3,0,2,3,2,1
660,3,3,0,2,0,1,2,0,0,2,3
661,1,0,2,3,1,0,1,3,2,1,1
662,1,1,3,0,0,3,3,1,1,3,2
663,1,2,3,2,3,2,2,1,2,0,1
664,1,2,2,0,2,3,2,2,0,0,2
665,3,0,2,0,2,2,0,2,1,3,0
666,3,1,0,0,2,1,1,3,1,2,1
667,3,2,2,2,0,2,3,2,0,3,0
668,3,2,0,1,1,3,1,3,0,0,2
669,3,0,3,2,2,2,2,0,3,1,1
670,0,1,0,1,3,2,2,0,1,1,2
671,1,1,3,0,0,0,2,2,1,2,2
672,1,3,3,3,3,2,1,1,2,1,3
673,3,0,3,0,2,2,2,1,3,2,2
674,3,0,1,1,1,2,2,3,2,3,1
675,3,1,0,1,1,1,0,0,3,2,2
676,0,1,1,0,3,1,0,3,1,1,0
677,2,1,3,2,2,2,3,0,1,3,3
678,3,2,1,2,1,0,0,0,3,2,3
679,1,3,3,2,2,0,3,0,0,0,3
680,0,3,2,1,0,2,1,1,1,1,0
681,2,0,3,0,0,2,3,3,2,1,3
682,3,2,1,3,3,2,3,1,1,3,0
683,2,2,3,2,0,1,0,3,1,1,3
684,2,2,1,0,1,1,3,1,3,1,1
685,2,1,1,0,1,0,3,0,3,1,1
686,0,0,2,2,0,0,1,1,1,2,3
687,2,1,0,3,0,2,3,1,2,1,0
688,1,3,1,0,1,3,1,1,2,1,2
689,1,3,2,3,1,3,0,0,2,3,2
690,1,3,1,2,2,0,2,2,2,1,1
691,0,3,1,1,2,3,2,1,2,0,3
692,0,3,1,3,2,3,1,0,2,3,3
693,1,3,0,2,3,3,3,1,1,1,3
694,1,0,1,1,1,3,0,0,3,2,0
695,0,1,3,2,0,1,3,0,2,1,1
696,1,3,0,0,0,2,2,3,3,1,1
697,0,2,1,1,1,2,0,1,3,3,0
698,2,3,0,3,3,3,1,3,0,1,2
699,1,1,0,0,3,3,2,1,2,0,0
700,0,3,0,0,3,3,0,3,0,1,1
701,0,2,3,1,1,2,0,3,0,2,0
702,2,3,1,0,1,1,2,3,2,0,1
703,1,3,2,1,0,2,3,1,2,0,2
704,0,1,0,2,2,2,0,2,0,1,1
705,3,3,2,1,3,1,2,1,1,2,1
706,1,0,0,1,1,3,0,0,3,1,1
707,1,1,1,0,2,0,0,0,1,2,1
708,2,3,3,0,2,2,0,2,1,3,1
709,3,3,0,2,0,2,0,3,0,3,0
710,0,3,3,2,0,2,1,0,0,1,3
711,0,3,0,3,0,2,0,2,2,2,2
712,2,2,0,1,3,2,0,3,3,2,0
713,0,0,2,3,3,0,2,0,0,0,1
714,2,3,3,1,1,2,3,0,2,1,2
715,0,1,0,2,2,0,1,2,2,3,2
716,3,3,0,0,2,0,1,2,3,2,0
717,2,3,3,3,3,0,0,0,0,0,2
718,0,1,2,1,3,2,1,3,2,1,2
719,2,2,0,3,2,2,0,3,3,1,2
720,3,2,1,3,3,2,3,3,3,2,1
721,0,0,0,1,3,1,3,2,3,3,3
722,1,3,0,2,1,1,0,0,2,2,3
723,1,2,0,1,3,2,0,3,2,1,0
724,0,3,3,1,0,1,2,2,0,0,2
725,2,0,3,0,0,2,0,0,1,1,1
726,1,2,3,3,2,0,2,2,3,1,2
727,3,2,2,2,2,0,1,0,0,3,0
728,0,3,0,0,3,0,2,0,3,1,1
729,0,2,1,1,1,1,3,3,0,3,0
730,0,0,1,3,2,2,2,0,1,3,0
731,0,0,1,0,3,0,2,0,1,0,2
732,1,2,0,3,3,3,1,2,1,3,1
733,1,1,0,0,1,0,1,1,0,3,3
734,1,2,1,3,2,2,0,3,0,0,0
735,3,2,0,2,1,2,3,1,0,3,1
736,0,0,0,2,1,3,0,3,3,2,1
737,2,0,2,0,1,0,1,0,0,2,3
738,2,1,1,1,2,3,2,1,0,1,3
739,3,3,0,2,0,3,1,3,1,2,1
740,0,0,1,2,0,1,0,2,2,3,2
741,0,3,2,0,2,3,0,3,1,3,1
742,0,2,2,2,0,1,3,1,0,3,0
743,3,1,1,0,2,1,2,1,1,1,1
744,0,3,0,2,0,1,2,0,2,0,0
745,1,1,3,2,3,3,3,1,3,1,1
746,1,2,3,3,0,3,3,2,2,3,1
747,1,1,1,1,1,0,0,2,2,1,2
748,3,3,3,2,2,2,3,3,3,0,1
749,1,0,2,1,0,1,1,0,0,2,2
750,2,3,1,0,0,2,1,1,3,1,2
751,1,2,1,0,1,2,3,1,3,0,0
752,0,0,3,0,1,3,2,3,2,0,2
753,2,2,1,3,0,3,3,2,2,2,3
754,1,1,1,0,3,0,0,3,2,2,1
755,1,3,1,3,2,1,0,0,2,1,1
756,0,2,3,2,1,3,3,2,2,3,0
757,2,3,2,2,1,2,2,2,1,2,2
758,2,0,1,3,2,2,3,1,0,0,1
759,2,3,1,3,3,0,2,2,0,1,1
760,2,2,0,3,3,1,0,1,3,2,0
761,1,0,0,2,1,1,1,3,1,0,0
762,2,1,2,2,0,2,1,1,3,0,3
763,3,0,1,2,0,1,0,3,0,1,2
764,0,0,0,0,0,1,2,3,2,3,0
765,3,0,3,1,1,2,2,0,3,2,1
766,0,1,2,3,3,2,0,0,2,3,1
767,0,2,3,1,0,0,0,0,1,3,3
768,3,1,2,0,1,1,3,0,1,0,3
769,3,2,2,1,2,0,2,1,2,1,1
770,3,3,3,0,3,3,3,3,1,0,0
771,3,0,2,2,0,0,0,1,1,3,1
772,1,1,1,3,2,3,1,0,1,2,2
773,2,0,1,3,2,3,3,2,2,1,3
774,2,3,3,2,1,1,2,2,3,2,0
775,2,3,3,1,2,2,1,3,3,1,1
776,1,2,0,2,3,2,2,0,2,1,0
777,0,1,2,1,0,3,0,2,2,2,0
778,1,2,2,3,2,0,1,0,2,3,2
779,2,3,3,3,3,1,1,1,3,0,2
780,1,2,1,2,0,0,0,3,0,0,3
781,0,3,2,1,0,0,0,0,0,3,2
782,1,2,0,3,0,1,0,2,2,1,2
783,0,0,0,0,3,1,3,0,3,0,2
784,1,0,0,0,3,3,2,3,1,1,1
785,3,1,0,2,2,3,1,2,1,3,1
786,0,0,3,0,0,2,0,1,1,3,0
787,3,0,1,1,0,1,3,3,2,0,3
788,2,2,1,2,2,0,1,2,2,1,3
789,0,3,0,0,2,0,3,1,2,1,0
790,0,3,2,1,3,3,2,3,0,2,2
791,2,2,2,1,0,0,3,3,1,3,2
792,1,2,1,1,0,0,1,2,3,3,1
793,1,2,0,0,1,2,3,3,0,0,2
794,2,3,3,2,0,3,2,0,0,0,0
795,1,3,2,1,0,1,3,3,1,2,0
796,2,3,3,0,3,3,1,0,1,0,0
797,1,0,1,2,2,0,0,2,3,3,2
798,3,0,2,2,3,3,2,1,1,3,2
799,3,2,2,2,0,3,2,0,1,2,0
800,2,1,3,0,2,1,3,1,2,2,1
801,3,1,0,0,3,0,1,0,0,1,1
802,1,3,2,2,3,1,3,1,1,1,1
803,3,0,2,0,2,3,0,2,2,1,0
804,2,2,3,3,2,1,0,1,3,0,0
805,1,1,0,1,3,0,3,2,0,1,1
806,0,2,3,3,2,2,0,0,2,3,0
807,0,2,2,2,1,3,2,3,1,2,2
808,2,2,0,0,0,2,1,2,2,3,3
809,3,2,3,0,0,1,1,2,2,2,3
810,0,0,0,3,3,3,0,1,2,3,0
811,2,1,2,2,3,3,0,0,2,2,1
812,1,2,0,0,0,2,1,3,1,3,1
813,3,2,3,0,1,2,3,3,1,2,3
814,3,1,2,0,1,1,3,1,3,0,2
815,0,3,2,2,2,0,1,3,0,1,1
816,1,0,0,3,2,3,2,1,1,3,0
817,0,3,3,2,1,3,3,3,1,0,1
818,1,2,2,0,3,0,3,2,2,1,0
819,2,1,0,3,3,1,2,1,2,2,3
820,2,3,3,1,3,2,3,1,3,1,3
821,2,1,0,2,3,3,0,0,2,2,3
822,3,0,1,2,2,1,3,2,1,2,0
823,0,3,3,1,3,2,0,0,1,0,3
824,1,0,1,2,2,3,1,2,0,0,0
825,1,0,2,0,0,3,2,0,3,0,2
826,2,0,2,2,0,3,3,3,1,3,2
827,2,3,1,0,0,1,0,2,2,1,3
828,0,1,3,2,2,3,3,0,0,3,0
829,3,1,2,2,3,2,1,2,3,0,2
830,1,1,3,3,0,0,3,2,0,0,1
831,1,2,1,3,0,1,3,3,1,0,3
832,3,0,1,3,0,3,1,0,0,2,0
833,0,3,1,2,2,3,0,3,3,2,0
834,1,1,2,3,3,0,1,3,1,0,1
835,2,2,0,0,0,1,0,0,1,3,0
836,3,2,1,2,2,0,3,2,0,1,2
837,2,3,1,3,3,0,3,0,3,1,2
838,2,2,0,3,2,1,0,2,1,2,2
839,3,0,0,1,3,2,1,3,3,0,0
840,0,0,0,3,0,0,1,2,1,0,2
841,0,3,3,3,1,1,2,1,0,2,3
842,1,1,2,2,3,1,0,1,3,2,0
843,1,2,2,2,2,0,1,1,1,1,3
844,1,3,0,1,1,0,1,0,3,0,1
845,2,0,3,3,3,2,2,0,0,3,0
846,0,0,3,1,3,1,2,2,2,0,3
847,3,0,3,0,1,2,3,0,3,1,3
848,3,0,0,0,2,2,2,0,0,3,3
849,0,2,0,3,3,1,1,1,3,1,0
850,3,3,0,0,1,0,2,1,0,1,3
851,0,3,3,0,0,2,2,0,3,2,1
852,1,1,0,0,2,2,3,0,3,2,0
853,0,0,3,3,3,0,2,3,2,0,2
854,3,0,2,3,0,0,0,3,1,3,1
855,2,1,0,1,0,1,2,0,0,2,3
856,0,2,1,2,1,2,1,2,2,3,1
857,0,2,0,1,0,3,2,1,3,1,0
858,1,0,3,2,1,3,1,1,3,1,3
859,2,3,3,3,1,1,0,3,2,1,0
860,3,0,0,3,3,3,2,3,2,2,3
861,1,2,2,1,0,2,2,0,3,2,1
862,0,3,0,3,0,1,3,0,3,1,0
863,3,0,0,1,1,0,3,3,1,2,1
864,2,2,1,1,2,0,2,2,2,0,2
865,2,3,3,0,2,2,0,0,1,0,0
866,0,1,0,1,3,0,3,0,3,3,1
867,1,3,0,3,2,3,2,0,2,3,1
868,1,3,0,2,1,2,3,2,0,2,3
869,2,3,1,1,1,3,1,0,2,1,3
870,1,2,0,2,3,3,3,2,0,2,0
871,0,2,0,2,1,0,2,1,0,2,2
872,2,0,3,2,0,3,0,2,1,1,3
873,1,3,3,2,3,2,1,1,2,1,1
874,0,0,2,3,2,1,3,3,3,0,2
875,2,1,2,1,2,3,0,1,3,3,1
876,0,0,2,3,0,2,3,2,1,3,3
877,1,0,0,2,0,2,2,1,3,2,0
878,1,3,3,1,2,0,2,3,2,3,0
879,1,3,3,1,0,2,0,1,3,3,1
880,3,3,3,2,0,3,2,1,1,0,0
881,0,1,1,1,2,2,3,3,0,2,1
882,3,2,3,1,0,2,2,1,1,3,1
883,0,3,2,3,0,0,2,3,0,3,2
884,0,3,1,2,3,0,2,3,3,3,3
885,3,3,0,2,0,0,0,1,2,2,1
886,2,1,1,3,1,3,2,0,2,3,0
887,2,3,2,1,2,2,2,3,3,2,3
888,1,1,0,1,0,0,0,3,2,1,3
889,0,2,0,3,3,1,1,1,1,3,3
890,1,1,2,2,0,1,0,1,0,3,3
891,3,0,2,0,0,1,3,1,1,0,0
892,3,2,1,2,3,3,2,0,2,1,3
893,0,2,0,0,1,2,3,3,1,1,1
894,3,1,3,0,2,3,3,3,2,1,3
895,0,2,3,1,3,2,1,3,0,0,0
896,1,2,1,2,0,2,2,1,1,3,1
897,3,2,2,3,3,2,1,1,1,1,0
898,0,3,1,2,1,2,2,2,2,0,2
899,3,3,2,0,1,0,0,2,1,3,2
900,1,3,3,2,0,2,1,3,0,0,0
901,2,1,2,2,0,1,3,1,3,3,2
902,3,0,1,1,1,1,2,3,1,2,3
903,1,2,2,3,2,3,3,0,2,3,0
904,3,2,2,1,2,2,3,1,1,3,2
905,3,1,0,1,0,2,0,3,0,2,3
906,2,1,1,1,1,2,3,2,1,3,1
907,0,1,3,2,1,2,3,1,0,3,2
908,2,2,3,1,2,0,1,1,0,3,3
909,2,3,1,3,1,3,2,2,2,2,3
910,3,1,0,3,2,0,3,2,1,1,1
911,0,3,1,2,1,1,3,2,3,3,0
912,0,2,2,2,1,3,0,1,2,0,1
913,3,2,3,3,2,0,3,2,2,1,2
914,2,0,0,2,0,2,2,1,3,0,3
915,3,2,0,3,3,0,0,3,0,1,0
916,3,3,1,2,3,2,0,0,0,3,0
917,0,1,1,3,3,3,3,2,1,0,1
918,0,3,1,0,1,1,0,3,0,0,0
919,0,1,0,3,1,3,3,2,1,1,0
920,0,3,0,1,2,1,2,3,0,3,3
921,1,1,3,3,2,1,1,0,1,1,2
922,1,0,1,2,1,1,2,1,1,0,0
923,0,1,1,3,0,0,1,2,2,3,1
924,3,0,3,3,1,2,0,2,2,1,0
925,3,0,0,1,2,0,0,2,3,1,2
926,0,1,0,3,3,0,1,3,2,1,2
927,3,1,1,0,1,0,3,1,0,2,2
928,3,1,1,0,0,0,3,3,2,1,3
929,3,3,3,3,3,1,0,1,0,1,2
930,3,2,1,0,2,0,2,3,2,3,3
931,2,0,2,3,3,2,0,1,2,2,1
932,3,0,0,2,0,1,2,0,2,1,1
933,3,0,2,3,1,2,2,2,3,2,1
934,3,1,2,0,3,3,1,2,0,3,1
935,3,2,2,1,2,3,2,0,1,1,3
936,1,2,0,3,0,0,3,2,3,0,3
937,3,3,1,3,2,2,3,0,2,3,1
938,1,3,2,2,0,3,2,1,1,1,3
939,3,3,3,3,3,3,0,0,1,3,3
940,2,0,1,0,0,3,2,0,0,0,0
941,2,3,0,3,3,1,2,0,0,1,2
942,2,3,2,1,0,3,3,0,3,2,3
943,1,3,0,2,1,0,3,0,2,3,0
944,3,0,0,2,2,1,0,2,1,3,0
945,2,2,0,0,1,2,3,2,2,3,3
946,2,0,0,0,2,1,0,1,2,2,2
947,2,1,1,0,2,0,2,1,1,0,0
948,1,0,1,1,0,1,2,3,0,0,2
949,2,3,2,1,2,0,2,3,3,3,2
950,2,2,3,1,2,0,0,3,0,2,0
951,3,1,3,1,3,2,3,0,2,3,2
952,1,1,1,3,0,1,0,3,1,0,0
953,1,3,0,1,0,1,2,3,3,0,0
954,2,1,2,3,0,3,0,2,3,0,2
955,2,0,1,1,0,0,3,1,1,2,1
956,2,3,3,2,1,1,2,1,3,3,0
957,1,2,2,0,0,3,1,0,1,1,0
958,1,1,1,0,2,1,3,3,0,3,2
959,2,2,0,3,2,1,3,0,0,2,1
960,1,1,0,2,2,3,2,0,0,3,3
961,2,3,2,0,0,0,1,2,1,2,2
962,1,3,1,3,1,3,2,2,3,2,1
963,2,1,2,2,0,3,0,1,1,1,3
964,0,2,0,3,3,2,2,0,3,1,1
965,3,3,3,2,0,1,3,2,2,2,0
966,0,3,2,2,0,2,1,1,2,1,1
967,0,2,2,1,2,3,0,1,1,3,0
968,2,1,2,3,2,1,0,2,2,1,3
969,0,1,2,2,2,2,3,1,0,1,2
970,0,1,1,1,3,1,3,2,0,0,1
971,2,1,2,0,1,0,0,1,1,3,1
972,2,0,1,0,1,2,2,2,1,2,0
973,1,3,3,1,3,0,0,1,3,0,2
974,0,1,1,2,1,0,0,3,2,3,2
975,1,0,1,3,0,2,2,3,1,1,0
976,2,0,2,0,3,3,3,3,1,0,1
977,0,3,0,1,3,2,3,1,3,2,1
978,3,1,3,3,0,2,0,0,3,3,0
979,2,1,3,3,3,1,3,0,1,1,3
980,1,2,1,2,1,1,2,1,3,0,0
981,3,2,2,1,2,2,1,0,0,2,2
982,2,1,3,1,2,1,3,0,3,3,3
983,1,1,1,2,1,0,1,0,3,2,3
984,3,2,2,1,0,0,2,3,2,3,1
985,0,0,0,2,3,0,0,3,0,1,2
986,2,0,3,1,0,3,0,2,0,1,0
987,3,1,1,2,1,2,2,1,0,2,1
988,1,3,1,2,0,1,1,3,3,3,2
989,1,0,3,1,3,3,1,2,0,3,1
990,2,2,2,2,2,0,3,2,3,3,0
991,1,2,0,3,2,2,3,3,1,3,3
992,3,1,1,1,2,0,1,2,0,3,3
993,2,1,2,1,1,2,2,1,0,1,1
994,2,2,3,2,3,1,3,3,1,3,3
995,1,3,1,2,1,0,2,3,1,0,2
996,3,0,1,0,2,0,0,2,0,0,1
997,3,3,0,3,2,0,1,3,3,1,1
998,1,3,2,3,1,3,3,1,1,2,2
999,2,3,1,2,2,3,0,1,3,2,1
1000,0,3,2,1,2,0,2,3,1,0,2
1001,0,1,2,0,3,2,0,1,3,2,0
1002,3,1,2,0,3,2,3,3,2,0,0
1003,3,0,3,0,1,0,3,1,0,3,1
1004,3,0,1,1,3,0,0,2,3,1,1
1005,2,1,3,3,2,3,2,2,2,2,1
1006,0,2,1,2,2,1,1,0,2,1,2
1007,1,2,1,1,3,0,2,0,2,1,0
1008,0,1,3,1,2,0,2,2,2,1,2
1009,1,0,1,2,2,3,0,3,2,3,2
1010,0,1,3,2,3,3,3,1,3,3,3
1011,3,3,1,3,0,2,2,0,3,2,3
1012,2,1,0,3,0,0,0,1,1,3,0
1013,1,3,3,1,1,3,2,3,0,3,3
1014,0,2,1,0,0,2,1,1,1,1,3
1015,1,0,3,3,1,1,2,0,0,3,1
1016,1,2,1,2,0,0,2,0,1,0,3
1017,2,3,1,1,3,3,3,3,3,1,2
1018,0,1,0,1,2,0,1,2,0,3,3
1019,3,2,0,2,3,3,2,2,3,2,2
1020,2,2,0,2,3,0,1,1,3,1,3
1021,1,0,0,2,3,2,3,2,2,2,3
1022,2,2,3,1,1,2,0,0,2,1,1
1023,0,3,0,1,0,3,1,1,1,1,2
1024,0,2,2,3,1,1,1,1,3,0,1
1025,3,3,2,3,0,3,2,2,0,3,2
1026,2,2,0,1,0,1,0,1,2,0,2
1027,2,2,0,0,0,1,0,0,3,2,3
1028,0,1,0,0,1,3,2,0,3,3,0
1029,1,3,3,0,1,0,0,3,0,1,3
1030,1,0,3,0,3,0,2,3,1,2,0
1031,3,1,1,1,0,2,2,2,1,2,3
1032,3,0,0,0,2,2,0,1,3,1,2
1033,3,1,0,3,0,1,0,0,1,1,1
1034,1,3,2,0,1,3,0,2,0,0,2
1035,1,1,2,1,2,1,3,2,3,3,1
1036,1,3,3,0,0,2,0,1,1,0,1
1037,1,2,2,0,2,3,3,3,3,0,3
1038,3,1,3,3,0,1,2,2,2,3,1
1039,1,0,2,0,1,3,2,0,1,2,0
1040,0,0,1,0,0,0,3,0,2,3,1
1041,1,2,3,3,1,3,2,0,1,1,2
1042,3,1,2,1,0,0,2,3,0,3,0
1043,2,2,2,2,1,2,3,3,2,2,1
1044,3,0,2,0,0,1,3,1,2,0,0
1045,1,1,0,2,2,2,3,3,0,1,2
1046,3,2,0,1,1,0,3,0,0,3,0
1047,2,2,0,3,3,1,1,3,3,3,0
1048,0,0,2,1,1,2,0,3,2,3,1
1049,1,1,3,0,2,0,2,3,3,1,1
1050,2,1,1,3,3,0,0,1,3,1,0
1051,2,1,0,3,0,0,1,0,1,2,0
1052,1,0,1,1,0,2,1,3,3,3,2
1053,1,3,0,2,0,0,0,2,0,3,2
1054,1,1,3,1,1,3,3,1,0,3,3
1055,2,2,1,2,3,2,0,0,2,2,0
1056,2,3,3,2,2,1,2,2,3,0,3
1057,2,2,3,0,1,3,3,2,0,0,0
1058,0,0,0,3,3,2,3,1,0,3,3
1059,0,0,2,0,2,3,2,0,2,0,1
1060,0,2,2,2,0,0,0,3,3,3,1
1061,3,3,3,1,1,1,3,2,1,0,2
1062,2,1,2,2,3,1,3,3,1,0,1
1063,2,2,1,3,0,0,0,3,0,1,0
1064,2,2,1,1,3,3,0,2,1,0,1
1065,3,0,2,0,3,2,0,0,3,3,3
1066,3,1,1,0,1,3,1,2,3,1,3
1067,1,1,1,2,3,1,3,2,2,3,3
1068,2,1,0,0,2,3,0,3,3,1,3
1069,0,3,2,0,2,3,3,3,3,3,0
1070,3,2,3,0,3,2,2,1,3,1,0
1071,3,0,1,2,2,3,0,3,1,3,3
1072,2,0,2,0,3,1,1,2,1,1,1
1073,2,0,3,3,1,2,3,3,1,3,1
1074,2,3,2,1,2,1,2,1,2,3,0
1075,2,2,3,0,2,3,1,3,3,0,3
1076,1,3,3,3,2,1,1,2,3,1,3
1077,3,1,3,3,0,1,0,2,3,0,3
1078,0,3,2,2,3,3,0,2,1,0,0
1079,2,2,2,1,2,3,3,1,1,2,3
1080,3,1,2,0,1,1,0,1,0,1,1
1081,0,1,0,2,1,1,3,1,2,1,3
1082,0,2,0,3,2,2,0,2,3,1,3
1083,0,1,0,2,3,3,2,1,2,0,3
1084,1,1,1,1,0,3,3,3,1,3,0
1085,2,3,2,2,3,0,1,2,3,0,1
1086,2,0,3,2,0,3,3,3,3,0,0
1087,1,2,0,0,1,1,2,2,1,1,0
1088,2,0,1,3,2,2,2,3,0,0,3
1089,3,3,2,1,1,1,2,1,1,1,0
1090,2,2,1,0,0,2,1,0,1,1,0
1091,2,0,2,0,2,1,0,1,3,1,3
1092,3,2,1,3,3,0,0,0,0,0,1
1093,3,1,1,2,1,2,3,2,2,0,3
1094,2,0,1,0,0,2,1,0,1,0,0
1095,0,2,3,3,2,2,0,1,1,1,0
1096,1,2,1,2,0,2,0,2,1,0,2
1097,2,1,1,1,3,0,2,1,2,2,3
1098,1,2,0,3,3,2,0,2,1,3,2
1099,3,1,2,0,0,1,1,2,0,0,0
1100,1,3,1,3,0,0,3,3,3,2,3
1101,3,2,3,3,0,2,1,0,3,1,0
1102,0,1,3,3,1,3,0,1,3,2,1
1103,3,3,3,2,1,3,1,3,1,2,3
1104,3,1,3,2,2,3,1,2,2,2,0
1105,2,3,0,0,3,1,0,1,3,3,1
1106,2,3,0,1,1,2,0,0,0,2,3
1107,1,1,0,1,2,0,3,0,3,3,2
1108,2,1,2,2,0,3,2,2,0,1,2
1109,2,0,3,2,3,1,2,0,2,0,2
1110,1,2,0,1,1,0,3,0,3,1,2
1111,1,3,2,3,0,1,2,0,2,3,0
1112,0,0,1,1,2,0,0,1,0,1,0
1113,2,2,0,1,1,1,0,3,0,0,2
1114,3,2,2,3,0,2,1,1,0,3,3
1115,3,3,0,3,2,3,2,0,1,3,1
1116,2,2,3,2,3,2,2,0,3,0,3
1117,1,0,3,0,0,3,3,2,0,1,2
1118,0,2,2,2,2,3,3,1,1,3,2
1119,1,1,3,0,3,2,0,2,2,1,1
1120,0,2,3,2,1,2,2,0,2,1,1
1121,2,3,2,2,0,2,2,0,1,0,2
1122,3,0,1,2,2,2,1,2,0,1,2
1123,1,2,0,3,1,3,1,2,1,3,0
1124,2,2,1,2,2,1,2,1,3,0,1
1125,3,2,1,1,3,3,1,3,2,0,0
1126,3,2,1,1,3,2,0,3,1,3,2
1127,1,2,2,0,1,1,3,2,3,0,0
1128,2,0,0,0,1,0,2,3,1,2,3
1129,3,0,1,1,1,2,0,0,1,0,1
1130,3,1,2,1,1,2,2,1,2,0,1
1131,3,0,2,2,1,2,1,2,2,0,1
1132,3,0,1,3,1,3,2,2,1,2,2
1133,0,1,1,0,2,0,1,2,3,1,2
1134,3,0,2,3,2,2,0,2,2,0,1
1135,1,0,3,2,0,0,3,0,1,1,1
1136,0,1,0,0,3,3,2,0,3,2,2
1137,2,1,3,2,1,2,0,1,1,1,0
1138,2,2,0,1,0,1,3,1,1,1,1
1139,3,3,3,0,1,3,2,0,0,2,3
1140,0,0,1,0,3,0,2,1,1,3,3
1141,2,3,0,3,1,3,1,1,3,3,3
1142,2,2,2,3,0,3,3,0,2,0,2
1143,3,1,1,2,2,0,0,1,1,3,2
1144,0,1,2,1,0,2,2,0,1,2,1
1145,3,3,0,3,2,0,0,2,0,2,0
1146,0,2,3,3,1,1,1,2,0,2,1
1147,1,1,2,2,0,0,0,2,0,0,3
1148,1,3,2,0,0,0,2,2,1,3,1
1149,2,2,3,3,0,3,2,3,3,0,0
1150,1,2,2,0,3,3,0,3,0,3,3
1151,2,3,3,0,1,2,2,0,2,2,0
1152,3,0,3,2,2,0,2,2,0,2,3
1153,0,0,2,1,2,3,1,2,3,2,0
1154,2,0,0,0,2,2,2,1,0,2,2
1155,3,2,0,1,0,1,3,3,3,1,2
1156,3,2,1,3,0,0,1,1,3,1,0
1157,1,2,2,2,0,3,0,0,3,0,2
1158,0,3,0,0,2,0,3,3,3,3,3
1159,1,3,1,3,3,0,1,3,2,0,3
1160,1,2,3,2,2,0,3,1,2,0,1
1161,2,0,1,3,3,2,0,1,3,3,1
1162,3,1,0,0,1,3,3,3,2,3,1
1163,0,0,2,2,1,0,3,0,1,2,1
1164,2,1,3,2,3,0,1,3,2,3,2
1165,1,3,1,2,0,1,1,0,2,3,1
1166,2,0,2,1,2,0,0,3,1,0,0
1167,0,1,2,1,0,3,3,3,0,1,3
1168,2,3,2,1,1,2,3,2,2,0,1
1169,2,0,2,2,3,0,3,3,0,3,2
1170,1,1,1,3,0,2,3,0,3,0,1
1171,3,3,3,1,0,3,1,1,1,1,0
1172,3,1,2,2,0,2,2,2,3,2,3
1173,0,2,0,1,3,2,0,1,1,0,1
1174,0,2,1,2,0,3,1,2,0,2,2
1175,1,2,1,1,1,1,2,0,0,3,3
1176,2,1,2,0,3,2,3,1,3,0,2
1177,3,2,1,3,1,0,3,0,3,0,0
1178,2,1,2,1,1,3,0,0,3,2,1
1179,0,0,1,1,3,2,3,0,3,2,0
1180,0,2,2,0,2,0,1,0,2,1,0
1181,3,0,3,1,1,1,0,0,3,2,2
1182,0,2,0,2,2,1,0,1,2,0,3
1183,0,3,3,3,2,2,1,0,2,3,1
1184,3,3,0,1,0,1,3,0,2,2,1
1185,3,2,3,1,2,1,0,3,3,0,1
1186,1,0,0,3,1,1,0,3,1,2,1
1187,0,2,2,0,0,1,0,1,2,1,1
1188,0,2,1,3,1,0,1,1,1,0,1
1189,0,2,3,0,0,0,2,3,1,0,3
1190,1,0,1,1,0,0,1,1,1,0,1
1191,3,1,3,2,1,0,2,0,0,3,3
1192,1,3,2,3,2,3,0,3,1,2,2
1193,0,0,1,2,3,3,2,3,3,0,0
1194,0,3,0,1,0,2,2,0,2,0,2
1195,3,2,3,0,1,1,0,0,0,0,0
1196,2,2,2,1,3,2,0,1,1,0,1
1197,3,0,2,1,3,3,1,2,3,3,1
1198,1,2,0,1,2,1,1,1,0,2,2
1199,0,0,1,3,3,1,3,1,1,2,1
1200,0,0,2,2,1,1,3,1,0,1,2
1201,1,1,3,0,2,1,0,2,3,0,0
1202,3,1,0,3,0,1,1,2,3,2,3
1203,3,1,3,2,0,3,2,3,3,3,1
1204,0,1,1,3,2,0,3,2,2,2,1
1205,3,1,2,3,3,3,3,2,1,2,0
1206,0,3,2,3,1,0,3,1,3,2,0
1207,3,3,0,0,0,0,1,1,2,3,3
1208,1,1,0,1,3,3,3,3,2,1,1
1209,0,2,0,3,2,3,2,3,1,2,0
1210,3,1,3,3,1,3,2,1,1,0,1
1211,1,2,1,0,2,1,1,1,3,1,3
1212,2,1,1,0,2,2,0,2,3,1,1
1213,1,1,1,0,3,0,3,3,2,2,2
1214,1,1,3,0,2,3,1,3,1,1,3
1215,3,2,2,0,2,0,0,1,2,3,0
1216,3,1,0,1,1,1,2,0,1,3,1
1217,0,2,0,1,0,0,2,3,3,0,2
1218,1,2,3,3,0,0,2,0,0,0,1
1219,2,2,3,0,2,2,0,0,3,0,3
1220,3,3,3,1,0,3,3,1,3,0,3
1221,2,1,2,1,3,1,2,0,1,1,1
1222,1,1,0,0,3,2,1,1,3,3,3
1223,3,2,2,1,2,2,3,0,3,1,1
1224,3,0,3,0,1,2,3,3,1,0,3
1225,1,2,2,3,0,1,1,0,2,3,2
1226,1,3,2,0,0,1,1,3,2,3,0
1227,3,2,0,1,2,1,0,1,2,3,1
1228,1,1,3,0,1,2,2,1,0,0,1
1229,2,0,3,0,2,2,0,0,2,0,3
1230,2,1,0,0,1,2,2,1,1,0,0
1231,1,2,1,0,0,3,3,3,3,0,2
1232,2,0,1,0,3,3,1,2,3,1,1
1233,1,2,0,2,1,3,0,2,2,1,3
1234,3,2,2,1,0,2,1,3,0,1,0
1235,1,3,1,2,2,3,3,0,3,3,1
1236,0,0,3,2,3,0,2,1,2,1,3
1237,3,1,2,2,2,0,3,3,0,3,1
1238,3,0,3,0,2,1,0,0,0,3,0
1239,1,2,0,3,0,1,3,0,0,0,3
1240,0,1,3,1,0,0,0,2,3,2,1
1241,3,1,0,2,2,2,3,1,2,0,0
1242,1,3,3,0,0,1,3,0,1,0,1
1243,2,1,2,3,3,1,1,0,0,3,0
1244,3,0,0,1,0,1,2,1,0,0,3
1245,2,3,1,2,1,2,0,0,0,0,0
1246,0,1,0,2,0,1,1,0,0,1,1
1247,2,1,0,1,3,1,2,2,3,2,0
1248,2,3,0,0,0,1,1,3,3,3,0
1249,0,2,1,0,1,2,3,2,1,0,1
1250,2,3,3,0,3,3,3,1,0,0,2
1251,2,1,3,3,0,1,3,3,0,0,2
1252,3,2,2,0,2,1,0,3,0,2,3
1253,0,1,1,3,1,2,3,2,2,3,1
1254,1,3,2,2,2,1,0,0,2,2,0
1255,2,3,3,3,0,0,0,3,1,2,1
1256,1,1,1,1,3,3,1,0,3,2,2
1257,3,2,1,2,0,1,1,2,0,1,1
1258,2,0,0,2,3,1,2,2,1,3,2
1259,2,0,3,2,0,0,0,1,3,0,2
1260,1,3,0,0,0,0,0,0,1,2,0
1261,1,0,0,3,0,3,0,2,2,3,0
1262,3,2,1,2,1,0,0,1,2,1,2
1263,1,1,2,0,3,1,3,3,3,0,3
1264,1,0,1,2,3,2,1,0,0,2,1
1265,1,1,2,3,1,1,3,0,0,3,3
1266,1,1,3,2,1,2,3,3,3,1,0
1267,1,3,3,3,2,2,0,1,2,2,3
1268,1,2,3,2,1,0,2,3,2,0,0
1269,1,0,2,0,3,0,1,0,2,0,3
1270,3,1,1,1,0,3,2,3,3,0,0
1271,2,0,1,0,2,3,2,3,0,3,0
1272,3,2,0,3,3,1,0,3,3,2,3
1273,0,2,2,3,0,3,0,2,0,2,0
1274,3,2,0,0,0,3,3,1,0,0,0
1275,3,0,0,2,0,3,3,1,0,2,1
1276,2,0,2,0,1,3,1,0,1,2,1
1277,1,1,3,1,1,0,3,2,2,1,3
1278,3,0,2,0,2,1,0,1,1,0,3
1279,1,3,2,0,0,3,0,3,1,1,1
1280,3,3,2,3,1,1,2,2,0,0,2
1281,2,3,2,1,3,0,0,2,0,0,1
1282,1,0,3,0,0,0,0,1,0,3,1
1283,2,1,1,0,1,3,1,3,1,2,2
1284,0,1,2,0,0,3,0,3,0,1,3
1285,0,3,3,3,3,3,1,1,3,2,2
1286,2,3,0,0,2,2,2,0,2,0,3
1287,3,3,2,0,1,3,3,3,1,2,0
1288,1,3,1,1,1,0,2,1,0,0,1
1289,2,3,0,0,3,0,0,3,0,0,2
1290,3,0,2,2,3,1,0,0,0,0,2
1291,1,1,3,2,1,0,1,3,2,2,1
1292,2,3,2,1,0,0,2,0,0,3,3
1293,0,0,0,2,2,1,3,0,3,3,2
1294,0,3,3,0,3,2,1,1,3,1,3
1295,1,1,1,1,3,2,2,1,3,1,0
1296,3,1,1,2,3,0,3,3,2,1,0
1297,1,1,3,0,3,1,3,1,2,2,1
1298,0,0,1,1,0,0,0,2,0,2,2
1299,3,1,2,0,0,1,3,2,3,0,0
1300,2,2,1,2,2,2,1,1,2,2,0
1301,1,0,0,3,3,2,0,2,0,2,2
1302,2,1,2,1,2,2,3,3,2,3,3
1303,1,0,3,2,3,3,2,0,2,2,2
1304,2,0,1,2,2,3,2,3,1,2,2
1305,3,1,3,0,2,3,1,2,0,0,0
1306,3,0,1,0,0,1,1,1,1,0,2
1307,0,0,0,1,1,1,0,3,0,3,3
1308,2,3,2,3,0,2,2,2,3,2,3
1309,3,1,2,3,0,2,2,0,3,0,1
1310,1,2,2,3,2,0,3,2,3,0,3
1311,2,1,1,2,1,0,3,0,3,1,0
1312,2,2,2,3,2,0,0,1,1,3,0
1313,3,3,1,2,0,1,1,3,3,1,1
1314,2,2,2,2,1,2,0,2,0,0,2
1315,0,3,0,3,0,1,2,1,3,0,1
1316,1,3,0,2,1,0,1,1,1,3,1
1317,0,1,2,2,2,3,2,1,2,1,2
1318,3,0,2,2,0,2,1,2,1,0,2
1319,0,2,3,2,0,0,3,0,0,3,2
1320,3,0,2,1,3,0,3,2,0,2,1
1321,0,0,3,1,1,0,0,3,0,2,2
1322,0,3,0,2,0,1,1,1,0,3,2
1323,2,0,0,0,2,1,1,0,0,3,2
1324,1,1,3,3,0,0,2,2,3,2,0
1325,2,2,1,3,1,0,3,0,3,0,3
1326,2,3,0,1,1,3,1,2,0,3,3
1327,0,2,2,2,3,0,1,3,3,1,2
1328,3,2,0,2,2,2,3,3,1,0,1
1329,3,0,3,3,1,2,3,1,3,3,3
1330,0,0,0,2,3,1,2,3,2,2,1
1331,2,1,1,0,1,0,2,1,1,0,1
1332,2,3,0,3,1,1,0,0,0,2,1
1333,1,2,2,2,0,2,0,2,1,2,2
1334,2,3,0,2,0,3,1,3,0,2,1
1335,1,2,1,0,3,2,3,1,1,2,0
1336,0,1,3,0,0,3,0,2,1,2,2
1337,0,3,3,1,0,1,1,3,0,3,3
1338,2,2,1,2,0,0,3,1,0,3,0
1339,2,1,3,3,2,1,1,3,2,3,1
1340,0,2,0,0,1,0,1,1,1,2,0
1341,3,3,2,2,3,0,2,0,2,1,2
1342,3,3,3,2,0,1,0,0,0,0,2
1343,1,2,3,0,0,3,3,3,0,3,2
1344,1,0,2,0,2,0,1,2,0,0,0
1345,2,1,0,1,0,0,3,2,2,3,3
1346,0,0,0,0,0,0,2,2,2,3,0
1347,0,0,1,3,3,3,1,3,1,1,1
1348,2,1,0,0,0,0,2,1,1,2,0
1349,2,1,0,1,2,0,2,2,2,3,3
1350,3,2,0,3,3,0,2,3,2,0,0
1351,2,0,3,1,1,0,1,3,0,0,2
1352,2,1,1,0,1,1,3,3,3,0,0
1353,1,1,2,3,2,0,3,3,1,1,3
1354,1,0,3,0,3,1,3,1,2,0,2
1355,1,3,3,2,0,3,1,3,3,2,3
1356,3,3,0,0,0,2,0,3,0,3,2
1357,3,2,0,0,1,3,1,3,2,2,2
1358,2,0,3,1,1,3,0,3,1,1,2
1359,2,3,0,3,2,2,0,0,3,0,0
1360,3,2,3,0,0,1,3,1,1,0,1
1361,0,1,1,2,0,0,3,1,3,0,3
1362,0,1,1,1,0,0,2,3,3,0,3
1363,3,2,2,0,3,2,0,3,2,2,2
1364,2,2,2,3,2,1,3,1,2,1,3
1365,1,1,3,3,3,3,2,3,3,2,2
1366,3,3,0,1,2,3,0,1,0,0,2
1367,3,0,2,0,0,1,2,3,2,1,2
1368,1,3,2,3,0,0,2,0,0,1,0
1369,0,2,3,3,3,0,3,2,3,1,2
1370,0,0,3,1,2,2,3,0,3,2,1
1371,1,0,0,3,0,0,1,2,1,3,2
1372,1,1,0,1,2,1,1,2,3,0,2
1373,0,0,2,0,0,1,1,0,3,2,2
1374,2,1,1,0,3,2,0,2,1,0,1
1375,3,1,3,1,3,0,0,3,1,1,2
1376,3,2,2,0,1,0,2,3,0,0,2
1377,0,1,1,0,0,0,3,1,2,1,0
1378,0,2,1,2,1,1,0,0,2,0,2
1379,0,1,2,1,0,0,3,1,0,2,2
1380,0,2,1,1,1,2,3,1,0,2,3
1381,0,2,2,1,1,3,2,1,2,2,3
1382,3,3,0,0,2,2,0,3,2,2,2
1383,1,0,3,3,2,2,3,0,3,2,2
1384,0,1,3,3,3,1,3,2,1,2,1
1385,2,0,2,2,1,1,1,2,1,2,0
1386,1,0,2,3,1,0,3,3,1,3,0
1387,3,3,0,0,3,0,0,2,0,2,3
1388,3,1,2,2,2,1,2,2,0,2,0
1389,1,1,1,0,1,1,0,3,3,0,2
1390,2,0,1,1,1,3,3,0,2,0,3
1391,0,2,0,3,3,1,3,3,2,1,1
1392,2,0,2,2,2,1,1,0,1,3,3
1393,3,3,2,1,2,2,0,3,3,3,3
1394,0,1,2,3,3,0,2,3,2,0,0
1395,3,0,2,2,2,2,3,3,2,0,2
1396,2,3,0,1,2,2,1,3,2,3,1
1397,2,2,3,0,3,0,2,1,1,2,3
1398,3,0,3,0,1,3,0,1,3,0,1
1399,3,1,3,3,1,0,2,2,1,3,0
1400,3,2,3,1,2,3,2,0,3,2,1
1401,0,3,2,0,2,1,0,0,0,3,3
1402,0,3,2,2,3,3,3,0,0,0,1
1403,0,2,2,0,0,1,1,3,3,3,1
1404,3,2,3,0,3,1,3,1,3,1,2
1405,0,0,2,3,0,3,3,0,1,0,1
1406,2,0,3,2,3,3,1,1,0,1,3
1407,0,0,1,3,1,1,3,1,1,0,3
1408,0,1,1,1,3,2,2,3,2,2,1
1409,0,3,2,1,3,0,2,1,3,1,2
1410,3,1,2,2,0,1,2,3,3,0,1
1411,1,0,0,2,1,0,2,3,0,3,3
1412,0,2,3,3,3,3,3,1,1,1,3
1413,1,2,1,0,0,3,0,0,1,2,2
1414,3,3,1,0,0,2,1,2,0,1,1
1415,3,1,3,1,0,3,2,2,0,2,0
1416,0,1,1,3,0,2,3,1,0,3,3
1417,3,0,1,0,1,0,3,2,2,2,0
1418,2,3,3,1,0,3,1,3,1,1,2
1419,1,2,3,1,3,0,2,1,2,1,1
1420,3,1,3,1,1,1,0,1,0,2,1
1421,0,3,2,0,3,0,2,3,0,2,3
1422,2,1,1,2,3,3,1,3,2,0,2
1423,1,1,0,0,0,2,1,1,2,2,2
1424,2,3,0,3,2,2,0,0,0,2,1
1425,1,2,2,3,2,3,3,2,1,3,1
1426,3,2,3,3,3,1,0,1,3,1,2
1427,2,1,0,0,3,1,0,1,0,3,2
1428,3,3,1,3,2,1,1,3,3,3,3
1429,3,3,0,0,0,0,1,3,0,3,2
1430,2,1,0,3,0,2,2,3,3,0,3
1431,2,1,3,0,0,3,1,2,3,1,2
1432,0,1,0,1,0,3,0,0,0,0,3
1433,2,1,1,0,3,3,0,1,2,3,3
1434,0,1,0,1,3,1,3,2,1,2,1
1435,0,3,2,3,1,3,1,0,1,2,1
1436,1,0,1,2,2,3,2,3,3,0,1
1437,1,0,1,1,1,0,1,2,2,3,3
1438,0,3,3,3,2,0,0,1,2,2,0
1439,1,0,3,2,0,1,1,0,0,2,2
1440,3,2,2,0,0,1,3,1,0,3,0
1441,0,0,0,2,2,3,1,3,1,2,3
1442,3,3,3,1,2,0,1,1,1,2,0
1443,3,2,1,0,1,1,2,2,0,2,2
1444,2,3,0,3,3,2,3,0,1,3,0
1445,2,2,0,1,1,1,1,3,2,2,0
1446,1,1,1,3,1,3,1,2,1,3,3
1447,3,2,0,3,3,1,0,1,0,2,2
1448,3,1,1,2,2,2,1,0,3,0,1
1449,0,0,1,0,3,0,3,2,1,1,2
1450,0,3,3,0,2,1,3,3,0,0,1
1451,0,1,2,2,2,0,1,0,0,3,2
1452,1,0,0,1,0,3,3,0,2,3,2
1453,2,3,0,3,2,1,1,2,0,0,3
1454,1,3,3,0,0,0,3,2,3,0,2
1455,2,1,1,1,1,2,1,1,3,2,2
1456,2,2,3,2,1,0,2,2,0,1,3
1457,1,0,2,3,0,2,0,1,0,3,0
1458,1,0,2,2,1,3,1,1,2,0,3
1459,2,2,3,0,1,0,1,0,0,0,2
1460,0,1,3,1,1,2,0,1,3,0,0
1461,3,3,1,3,0,0,0,0,3,3,1
1462,3,0,2,2,1,2,3,2,1,2,2
1463,3,0,0,2,0,0,3,3,0,2,3
1464,1,1,0,2,2,1,0,3,0,0,0
1465,3,3,2,2,3,2,1,3,0,2,1
1466,1,1,3,3,2,0,0,3,0,1,3
1467,0,2,1,2,1,2,1,2,3,3,2
1468,1,0,3,1,0,2,2,3,0,1,0
1469,1,0,1,0,0,3,1,0,3,2,2
1470,0,1,0,0,2,1,2,0,3,3,1
1471,2,0,0,2,1,2,2,2,2,0,3
1472,0,0,3,2,2,3,1,1,2,0,2
1473,1,0,1,2,3,0,1,3,1,3,3
1474,1,0,1,0,1,2,0,3,3,3,3
1475,3,3,2,0,2,3,0,3,2,2,0
1476,0,2,3,2,2,1,1,0,0,2,1
1477,1,1,0,1,1,2,3,0,0,2,2
1478,1,1,0,0,2,1,2,2,0,3,3
1479,2,0,2,3,2,3,3,0,0,2,2
1480,3,2,1,3,2,0,1,2,2,3,2
1481,3,3,3,0,3,0,0,1,3,2,1
1482,2,3,2,3,0,0,3,3,2,3,0
1483,1,1,1,0,0,1,0,0,1,3,2
1484,3,2,1,2,2,0,1,0,2,2,2
1485,3,1,0,0,2,3,2,2,0,2,3
1486,3,2,2,1,0,1,0,0,1,1,0
1487,2,2,2,1,3,1,1,0,3,3,1
1488,2,1,1,3,3,1,2,1,2,2,2
1489,3,1,3,1,0,3,0,0,1,2,0
1490,2,1,2,0,2,3,1,2,2,1,1
1491,1,2,3,0,2,2,1,3,2,2,3
1492,1,3,1,2,2,0,1,1,1,1,3
1493,2,3,1,1,2,3,3,2,0,2,1
1494,1,2,3,3,3,3,3,2,1,3,1
1495,0,1,3,2,1,3,3,2,1,2,0
1496,0,1,2,2,3,0,2,2,0,1,3
1497,2,1,0,2,3,1,2,3,3,1,1
1498,3,2,0,0,2,3,3,0,0,3,0
1499,3,0,1,0,3,0,2,3,0,2,1
1500,2,1,1,0,1,1,0,3,2,1,2
1501,2,1,0,0,2,3,2,1,2,3,0
1502,1,0,2,0,1,1,0,0,2,2,2
1503,3,1,2,1,3,2,1,2,1,1,2
1504,2,2,3,0,1,0,1,0,0,2,0
1505,1,0,3,2,0,2,1,1,0,0,3
1506,2,0,2,0,2,1,0,0,2,1,1
1507,0,3,2,1,3,1,2,2,1,1,3
1508,1,1,2,2,1,0,1,3,2,1,1
1509,1,3,3,2,2,1,0,3,2,0,0
1510,2,3,0,1,3,2,1,2,3,3,0
1511,1,0,2,1,2,0,1,1,0,0,0
1512,1,0,3,3,3,2,1,1,3,2,2
1513,2,2,3,3,1,0,1,2,3,3,0
1514,1,0,1,2,0,1,2,3,0,1,1
1515,3,0,1,1,3,2,3,3,1,1,1
1516,2,0,0,2,2,3,1,3,2,0,1
1517,1,2,1,1,3,1,2,0,0,3,2
1518,2,0,0,1,1,1,2,1,0,2,3
1519,0,3,3,3,3,3,0,1,2,3,1
1520,2,1,1,2,2,3,0,3,1,0,3
1521,0,0,0,2,2,1,2,3,1,3,0
1522,0,0,3,3,0,0,1,2,0,1,1
1523,3,0,0,3,3,3,2,3,1,0,3
1524,3,0,3,1,2,2,0,2,1,1,0
1525,1,1,3,0,1,3,2,1,3,2,2
1526,1,2,2,3,3,1,2,0,2,3,0
1527,0,3,1,0,2,3,1,0,0,2,3
1528,0,0,2,3,1,2,1,1,2,1,0
1529,3,0,3,2,0,1,3,3,2,3,0
1530,0,2,1,3,0,0,3,2,2,0,0
1531,2,1,3,1,2,1,0,1,0,3,0
1532,2,2,2,3,2,1,2,0,1,2,1
1533,0,0,2,0,1,1,2,2,1,3,2
1534,3,0,1,2,3,2,3,3,2,2,3
1535,2,0,2,3,2,3,1,2,2,0,3
1536,0,2,1,3,3,1,1,1,1,2,2
1537,2,1,2,1,1,0,3,3,2,0,0
1538,0,2,1,0,2,2,0,3,2,2,3
1539,3,3,0,0,0,0,1,3,0,1,3
1540,1,0,0,2,2,2,1,3,3,3,1
1541,1,2,2,2,2,2,0,0,1,0,2
1542,0,3,1,0,1,0,0,3,0,3,3
1543,2,0,3,3,1,3,0,0,3,0,3
1544,2,1,3,0,0,1,2,1,3,2,1
1545,1,3,2,0,0,3,2,2,3,0,2
1546,2,3,2,2,3,0,1,3,0,3,0
1547,0,2,3,2,0,0,1,2,1,0,1
1548,0,1,2,3,1,3,3,0,1,0,3
1549,3,2,2,1,2,3,0,0,1,3,1
1550,3,3,1,2,3,3,2,1,1,0,2
1551,3,1,3,3,3,1,1,0,2,3,0
1552,0,3,1,3,2,2,3,1,0,0,0
1553,3,0,2,0,1,3,1,1,0,1,3
1554,1,0,0,3,0,0,2,3,3,3,2
1555,3,2,3,0,3,2,2,1,1,0,2
1556,2,0,3,1,2,0,0,0,0,2,3
1557,0,1,2,2,0,0,3,1,2,3,2
1558,0,0,1,0,0,1,0,1,2,3,2
1559,3,1,1,1,0,1,3,1,2,1,0
1560,2,3,0,2,1,1,0,2,3,0,1
1561,3,1,1,3,3,2,1,0,0,1,0
1562,0,3,1,0,1,0,1,0,3,1,2
1563,0,1,2,1,0,0,1,2,0,3,3
1564,0,1,0,3,2,3,0,1,3,0,3
1565,3,0,2,3,2,2,3,2,0,1,1
1566,3,0,0,3,0,1,2,1,1,0,3
1567,3,1,3,1,2,0,1,2,1,3,3
1568,0,0,3,0,1,2,3,2,2,3,1
1569,2,0,1,1,0,1,2,0,2,3,3
1570,3,0,0,2,2,2,1,0,0,0,0
1571,2,3,1,1,1,1,2,2,3,3,2
1572,2,1,3,2,2,0,2,3,0,0,0
1573,2,1,3,3,3,2,3,1,1,2,2
1574,3,3,0,0,1,0,3,3,2,1,0
1575,0,1,0,2,3,0,1,1,0,1,3
1576,3,1,1,1,0,2,1,2,0,0,1
1577,0,3,1,2,1,1,0,1,3,0,1
1578,0,3,1,0,2,1,1,3,1,2,2
1579,0,2,0,0,2,0,1,0,2,0,1
1580,1,1,2,0,2,0,2,3,0,2,3
1581,1,1,0,2,0,2,1,0,2,3,3
1582,0,0,2,0,0,2,3,0,3,3,3
1583,2,0,1,0,3,3,0,3,2,3,1
1584,0,2,2,3,0,3,0,3,0,3,2
1585,2,1,0,0,3,0,2,1,0,2,3
1586,3,1,1,0,2,0,0,2,1,3,2
1587,1,0,1,1,2,2,0,3,3,0,2
1588,2,1,1,0,0,2,1,0,3,0,0
1589,0,3,3,0,2,3,2,1,0,0,1
1590,3,3,1,2,2,2,3,3,2,2,2
1591,0,3,1,3,1,1,1,0,0,1,1
1592,1,0,1,0,0,0,2,3,1,0,1
1593,2,1,0,0,0,3,2,3,3,3,3
1594,3,3,1,3,2,1,3,0,0,0,2
1595,3,3,0,0,3,1,1,1,2,3,0
1596,3,0,1,2,0,2,1,2,0,1,0
1597,1,0,3,3,1,2,0,2,3,3,0
1598,2,2,1,2,1,1,3,0,1,2,0
1599,0,0,2,1,0,0,0,1,3,2,0
1600,3,3,0,2,3,0,0,2,2,3,0
1601,1,0,0,3,3,3,0,1,1,0,2
1602,0,3,2,1,1,0,2,3,3,0,2
1603,1,3,3,0,0,3,3,0,2,3,3
1604,1,2,0,0,0,3,2,0,0,2,0
1605,0,0,0,0,2,3,3,3,2,1,0
1606,3,0,1,1,0,0,2,0,3,2,1
1607,1,3,3,2,3,2,2,0,0,1,0
1608,3,2,1,3,1,1,1,0,0,1,2
1609,2,1,3,2,2,3,3,2,1,3,3
1610,2,1,2,2,1,3,2,2,2,2,3
1611,0,0,0,2,0,0,3,1,3,0,1
1612,2,1,0,3,1,1,3,2,3,1,3
1613,3,0,0,1,1,3,2,1,0,2,2
1614,1,3,2,1,2,1,2,3,0,3,3
1615,2,3,2,1,3,2,2,1,3,1,0
1616,1,3,0,0,0,2,2,0,1,0,2
1617,3,1,3,1,0,1,1,1,2,2,1
1618,3,2,1,1,2,2,3,1,3,1,1
1619,0,1,1,2,1,2,3,3,3,0,2
1620,3,2,3,1,1,3,1,2,3,3,3
1621,0,0,0,3,0,0,2,1,0,3,1
1622,0,3,3,1,2,2,1,1,3,2,2
1623,0,0,1,1,1,2,0,2,2,1,2
1624,2,0,3,3,3,1,3,0,0,0,3
1625,0,1,1,3,1,0,2,3,1,3,2
1626,1,2,3,3,1,2,2,2,1,1,0
1627,1,0,1,2,0,2,0,3,1,3,0
1628,1,1,0,2,2,1,1,1,2,3,2
1629,3,1,3,2,2,1,3,1,2,3,1
1630,0,0,0,1,0,1,3,1,1,0,1
1631,3,3,0,0,3,2,0,1,1,2,0
1632,0,3,2,1,2,1,2,0,2,2,0
1633,1,1,3,3,3,3,0,1,3,2,3
1634,2,0,3,1,1,1,1,2,0,3,0
1635,3,0,2,2,3,3,2,2,0,2,1
1636,1,1,3,0,0,2,0,1,0,0,0
1637,2,1,1,1,3,2,1,0,1,1,0
1638,3,0,0,1,3,0,0,0,1,0,2
1639,1,3,0,3,3,1,1,0,2,1,0
1640,2,2,3,2,2,3,2,1,1,1,3
1641,2,0,0,1,3,0,3,0,3,3,1
1642,3,0,0,0,1,2,3,3,3,0,2
1643,3,1,0,3,2,3,2,3,2,3,1
1644,0,1,1,1,3,2,2,2,0,3,1
1645,2,2,0,1,1,0,2,0,2,3,3
1646,3,0,3,1,1,3,1,1,3,2,3
1647,1,0,3,3,1,2,0,2,1,3,0
1648,3,1,2,2,3,2,2,3,2,2,0
1649,2,0,2,1,3,2,0,0,0,2,2
1650,1,0,1,0,0,3,3,1,3,2,3
1651,2,1,0,1,1,3,3,3,3,3,1
1652,3,2,0,0,3,2,1,3,0,3,2
1653,0,1,2,1,1,3,0,3,3,3,3
1654,3,3,1,2,0,1,1,3,2,3,2
1655,0,1,1,2,2,3,1,0,2,3,1
1656,2,2,2,0,3,3,0,3,3,2,3
1657,3,1,1,1,2,0,3,0,1,3,1
1658,1,0,2,3,2,0,3,2,1,0,3
1659,3,1,2,1,0,0,0,3,0,2,0
1660,2,2,1,0,0,3,0,1,1,0,3
1661,2,1,3,2,3,1,3,1,0,1,3
1662,1,3,3,3,2,1,2,1,3,0,3
1663,2,2,0,1,2,2,3,0,3,2,2
1664,0,2,1,1,2,0,1,3,0,0,1
1665,2,1,1,3,3,0,1,2,3,1,3
1666,1,2,2,1,1,1,3,3,3,1,3
1667,1,0,0,3,3,3,0,3,2,0,2
1668,1,0,3,1,1,3,0,1,0,0,3
1669,3,0,2,3,2,2,3,2,2,3,1
1670,3,3,0,2,3,2,1,3,2,1,1
1671,0,2,2,1,2,0,0,3,2,3,1
1672,3,1,2,3,1,0,3,0,3,0,2
1673,0,1,2,2,0,0,2,0,3,3,0
1674,3,1,0,3,0,1,1,3,0,1,0
1675,2,1,1,1,1,0,3,0,3,3,3
1676,1,3,2,1,3,3,2,2,0,3,2
1677,2,0,2,1,1,1,2,1,2,3,1
1678,3,2,1,0,0,2,2,3,2,2,0
1679,0,2,0,3,2,2,1,3,1,3,3
1680,2,3,2,1,2,0,0,1,2,2,1
1681,1,1,1,2,0,0,2,2,2,0,2
1682,3,0,3,0,2,3,3,2,1,3,3
1683,1,1,1,0,3,1,2,1,0,0,2
1684,0,1,0,2,3,3,2,0,0,0,1
1685,1,0,2,2,3,2,0,1,2,1,0
1686,1,3,3,3,1,2,0,0,2,3,1
1687,3,2,3,2,3,2,2,1,3,1,0
1688,0,2,1,0,0,3,0,1,1,1,2
1689,3,3,3,0,2,1,3,0,2,3,0
1690,3,1,0,2,1,0,1,0,1,3,1
1691,0,0,1,3,1,1,0,3,3,0,1
1692,3,0,3,2,1,2,0,0,0,1,2
1693,0,2,0,2,1,1,1,1,1,2,0
1694,0,0,3,2,1,1,0,2,3,3,0
1695,3,3,0,3,3,3,0,0,2,0,2
1696,0,0,3,3,1,0,1,3,1,2,0
1697,1,1,2,3,1,1,3,0,3,1,0
1698,0,0,0,1,3,2,0,1,2,1,3
1699,3,0,0,0,1,0,2,0,1,0,3
1700,1,3,2,3,3,3,1,3,0,0,3
1701,1,3,0,0,3,2,3,1,2,3,1
1702,0,0,1,1,2,2,0,3,2,0,1
1703,2,2,1,2,3,2,1,2,1,2,0
1704,0,1,3,1,2,2,1,2,1,0,3
1705,3,2,0,2,2,1,3,1,1,3,1
1706,1,3,2,3,2,3,0,0,1,0,3
1707,1,2,2,3,3,1,0,0,2,1,2
1708,1,3,3,2,3,0,3,2,1,3,2
1709,0,0,0,2,1,1,3,3,1,2,2
1710,1,1,3,0,2,3,0,3,3,3,1
1711,3,2,0,1,0,1,3,3,2,0,0
1712,1,1,1,2,1,3,0,1,0,1,0
1713,0,1,0,3,2,2,1,1,1,2,3
1714,0,0,3,1,3,3,2,0,2,1,2
1715,2,2,2,2,1,0,2,3,2,0,2
1716,3,1,1,1,0,3,2,0,3,3,2
1717,0,1,1,3,1,1,3,2,3,3,3
1718,2,3,3,2,0,0,1,1,2,0,1
1719,0,3,2,0,2,3,3,0,2,3,2
1720,0,1,0,0,1,2,0,0,2,2,0
1721,0,2,3,3,2,1,1,0,2,3,1
1722,2,1,2,1,3,1,2,2,3,2,1
1723,0,3,0,3,1,1,3,0,0,0,2
1724,3,0,1,1,2,0,3,2,2,1,1
1725,3,0,3,2,0,1,0,0,3,0,0
1726,3,3,1,3,0,1,3,0,0,1,2
1727,1,2,3,1,3,3,1,2,3,0,1
1728,1,0,2,3,1,1,3,1,3,0,3
1729,1,3,3,1,1,2,0,0,2,2,0
1730,0,0,3,1,0,2,0,3,3,0,2
1731,0,3,1,1,0,2,3,2,0,2,2
1732,3,0,3,0,1,2,1,2,1,3,3
1733,0,3,0,1,2,2,2,1,2,2,1
1734,2,0,1,2,3,1,1,0,2,0,1
1735,3,3,1,3,0,0,0,0,2,3,3
1736,1,0,2,2,1,1,3,2,2,1,1
1737,1,0,3,1,0,2,0,2,1,1,0
1738,3,1,3,2,3,2,2,0,0,3,1
1739,0,3,0,2,2,2,0,0,1,0,3
1740,3,3,2,0,1,3,2,0,1,2,2
1741,2,2,0,3,3,1,0,1,0,2,0
1742,1,2,3,2,2,2,3,2,0,0,2
1743,0,2,1,1,0,1,0,2,2,2,1
1744,1,2,1,0,2,3,1,0,0,1,1
1745,1,1,3,2,0,1,0,0,1,3,3
1746,1,1,3,0,2,2,3,3,0,1,0
1747,0,0,3,0,2,3,2,2,3,2,1
1748,0,0,0,0,3,0,3,2,3,2,0
1749,0,0,3,2,2,2,0,0,0,0,1
1750,2,2,1,0,1,0,1,3,2,2,0
1751,0,0,1,1,3,2,1,1,0,0,1
1752,0,2,3,1,2,1,2,0,3,2,2
1753,0,3,0,0,3,1,2,0,3,2,1
1754,1,3,0,0,0,2,1,3,0,3,1
1755,3,3,0,1,1,0,2,0,3,2,3
1756,1,3,0,3,3,0,3,1,3,1,1
1757,0,1,1,1,3,1,3,2,2,3,1
1758,0,3,0,2,0,2,1,3,1,0,0
1759,2,3,3,2,3,2,1,0,2,1,1
1760,2,2,0,2,2,3,2,2,1,3,1
1761,1,0,3,2,0,0,0,3,3,1,2
1762,3,1,3,1,0,2,2,3,2,1,2
1763,3,1,1,2,2,0,3,0,1,2,0
1764,1,2,3,2,1,0,2,2,1,0,2
1765,2,1,1,1,0,2,2,3,0,1,0
1766,2,0,0,0,1,2,3,1,3,3,1
1767,3,2,0,3,0,1,3,0,0,0,0
1768,1,1,3,1,1,1,0,0,3,0,1
1769,3,3,1,0,3,0,3,2,3,3,0
1770,0,1,3,3,1,0,1,1,0,2,2
1771,3,0,1,2,1,3,0,0,0,2,3
1772,1,0,3,1,0,2,0,3,2,2,3
1773,1,2,0,3,2,1,1,0,0,0,3
1774,1,0,2,0,2,1,2,0,0,0,2
1775,0,2,3,0,2,3,0,1,1,1,1
1776,2,1,0,2,2,2,0,0,2,3,1
1777,3,0,0,0,2,3,3,1,0,0,0
1778,1,2,3,2,0,0,0,3,1,0,0
1779,0,3,1,2,3,1,3,1,0,1,3
1780,0,3,2,3,3,3,0,3,1,2,0
1781,1,3,3,2,0,2,2,1,0,0,2
1782,1,1,0,2,2,2,3,0,1,0,0
1783,0,1,3,0,3,0,3,0,0,1,2
1784,3,1,0,0,2,0,1,2,0,3,2
1785,2,1,1,1,2,3,1,1,3,3,1
1786,1,1,3,1,2,2,1,1,3,1,2
1787,0,2,0,3,1,2,0,1,2,3,3
1788,0,0,2,3,0,0,3,2,0,1,1
1789,0,1,3,2,2,1,2,1,1,1,1
1790,2,3,3,3,0,2,3,0,2,0,0
1791,1,2,0,0,1,3,3,3,1,1,3
1792,1,2,3,3,0,0,0,1,1,1,3
1793,0,0,0,2,2,1,2,2,1,1,0
1794,1,1,2,3,1,0,3,3,0,1,3
1795,1,2,1,2,0,1,2,2,3,0,2
1796,3,1,1,1,0,2,1,3,3,1,3
1797,1,3,1,3,1,1,3,3,0,0,3
1798,3,0,3,0,1,2,2,3,2,2,1
1799,0,1,2,2,2,2,0,2,2,0,1
1800,3,0,3,0,2,0,0,0,0,1,2
1801,2,3,3,3,2,3,2,2,2,2,1
1802,2,1,2,1,1,2,3,0,2,3,2
1803,2,0,2,3,1,3,2,2,1,1,3
1804,3,2,0,0,3,3,2,1,3,0,3
1805,2,2,1,2,1,3,0,3,1,0,0
1806,3,2,2,3,2,1,2,3,1,0,0
1807,0,3,3,2,3,3,1,3,2,0,3
1808,3,2,2,2,0,3,2,0,3,0,3
1809,1,3,1,1,1,0,3,0,0,1,3
1810,0,3,1,2,3,1,2,3,1,1,2
1811,1,1,2,3,2,3,1,0,0,2,3
1812,2,2,0,0,0,2,1,2,0,0,0
1813,1,0,0,1,1,3,0,1,3,3,3
1814,0,0,3,3,2,1,1,1,2,1,3
1815,2,0,0,3,1,2,1,2,2,2,1
1816,3,2,2,0,2,1,0,0,0,0,3
1817,0,1,1,3,3,2,2,2,1,3,0
1818,3,2,2,3,1,2,0,2,3,2,0
1819,2,1,1,3,0,2,2,3,2,0,3
1820,0,3,3,0,0,0,0,3,0,3,2
1821,2,2,2,1,0,2,3,2,0,3,3
1822,2,3,2,1,3,1,0,3,0,0,2
1823,3,3,1,3,3,1,0,0,3,0,2
1824,1,3,1,0,1,1,1,3,1,2,3
1825,0,3,3,2,3,3,3,1,0,2,1
1826,2,1,2,0,1,3,2,2,1,1,0
1827,0,2,1,1,0,0,1,1,1,2,3
1828,2,3,3,2,3,2,3,3,2,2,0
1829,0,2,3,0,1,2,3,0,2,2,0
1830,3,0,0,1,3,1,3,3,2,1,0
1831,2,3,1,3,0,0,0,1,2,0,2
1832,0,0,3,3,0,0,1,3,1,2,0
1833,0,2,3,0,3,0,2,0,3,0,0
1834,1,1,0,0,3,1,0,2,1,3,0
1835,3,2,3,0,1,3,3,3,0,0,2
1836,1,0,2,2,0,3,3,3,0,0,0
1837,3,1,2,2,1,3,2,2,3,0,0
1838,0,1,0,0,3,3,1,1,3,3,0
1839,3,2,0,1,1,2,2,0,1,1,1
1840,3,1,1,2,2,1,0,3,0,1,0
1841,3,2,0,3,1,3,0,3,2,1,0
1842,2,3,1,2,1,1,0,2,3,2,3
1843,1,2,2,0,3,2,0,2,0,2,2
1844,1,3,1,3,2,1,2,3,3,3,2
1845,1,3,1,3,1,2,0,1,0,1,3
1846,1,3,2,1,1,1,1,2,1,3,1
1847,1,2,1,2,1,0,1,3,1,2,3
1848,1,2,3,1,2,2,1,3,2,2,3
1849,3,3,2,2,1,1,2,2,3,1,0
1850,2,3,2,1,0,1,2,2,3,1,1
1851,0,2,1,3,3,2,2,3,2,0,1
1852,3,3,0,3,2,3,0,1,2,0,0
1853,0,1,0,0,3,0,2,1,3,1,3
1854,2,3,3,0,3,3,2,3,2,2,3
1855,1,3,0,1,0,1,0,0,0,2,2
1856,3,0,1,3,2,1,0,3,1,3,0
1857,2,0,1,3,1,2,1,2,3,2,3
1858,3,2,3,3,2,1,2,3,3,2,3
1859,2,3,0,0,2,2,1,3,3,3,3
1860,1,2,0,0,3,3,1,1,3,2,0
1861,1,3,2,0,3,3,3,0,0,3,3
1862,3,2,3,1,3,2,2,0,3,0,2
1863,2,2,2,1,2,2,0,1,2,3,0
1864,2,1,2,3,3,1,3,2,2,3,3
1865,2,1,2,3,2,1,2,3,1,3,3
1866,2,3,3,1,2,3,1,0,3,1,0
1867,3,1,1,1,1,2,3,2,3,2,1
1868,0,1,3,1,1,2,1,2,1,0,3
1869,1,2,3,2,3,2,1,3,3,0,0
1870,1,1,0,0,2,1,1,2,1,3,2
1871,0,1,1,1,3,0,1,0,3,2,0
1872,2,0,3,1,3,2,1,0,1,3,0
1873,1,2,2,0,1,3,3,3,1,2,3
1874,3,3,2,0,1,0,1,2,3,2,2
1875,0,1,0,2,3,3,1,3,0,1,0
1876,3,3,0,2,1,1,3,0,2,3,0
1877,1,3,2,2,2,3,2,2,1,1,2
1878,3,0,1,0,0,1,3,0,0,3,1
1879,3,3,2,3,2,2,3,0,1,1,1
1880,1,2,2,2,3,0,0,3,2,1,1
1881,3,2,2,3,2,1,0,0,1,3,1
1882,2,3,3,1,1,0,1,1,1,0,2
1883,2,0,3,3,3,2,2,2,3,1,0
1884,2,1,0,2,3,1,3,0,3,1,2
1885,3,0,1,1,1,3,3,2,3,2,1
1886,2,1,1,1,2,1,0,2,3,1,2
1887,2,0,0,1,0,1,3,0,0,3,1
1888,1,0,2,3,0,2,3,2,3,1,2
1889,1,3,1,3,3,1,0,1,0,1,0
1890,2,2,2,1,1,0,3,2,3,0,0
1891,0,2,0,1,2,0,3,0,2,2,3
1892,1,0,0,2,2,0,3,1,0,1,0
1893,0,1,2,3,3,2,2,0,2,0,3
1894,0,2,1,1,0,2,0,1,0,2,2
1895,2,1,3,2,0,1,3,3,1,3,0
1896,2,0,3,3,1,0,2,2,3,0,0
1897,2,3,2,3,0,0,3,2,3,0,3
1898,3,2,3,3,2,1,1,3,1,2,3
1899,1,0,0,3,3,1,0,3,2,3,0
1900,1,3,3,2,0,1,0,2,1,0,2
1901,1,1,1,1,3,2,2,1,2,1,2
1902,2,3,2,2,1,0,2,2,0,3,2
1903,3,0,0,0,3,2,0,3,0,0,1
1904,3,0,3,0,2,2,3,2,3,2,3
1905,1,0,3,3,3,2,2,2,3,3,1
1906,1,2,3,0,3,0,1,1,2,0,1
1907,0,2,0,1,0,3,1,3,3,3,2
1908,1,0,1,2,1,1,0,3,3,0,3
1909,3,2,3,1,0,1,3,3,2,1,3
1910,0,3,2,2,1,1,0,2,1,2,2
1911,1,1,0,2,3,2,2,1,1,2,2
1912,2,1,3,2,1,3,1,2,2,2,1
1913,1,3,3,2,0,2,1,0,2,1,1
1914,2,1,1,3,0,2,2,0,0,2,3
1915,2,1,0,2,1,0,0,0,3,2,1
1916,1,3,3,3,0,0,0,3,0,0,3
1917,3,0,2,2,2,1,0,3,1,1,0
1918,0,0,3,3,0,0,0,0,3,1,0
1919,3,0,0,3,1,2,3,2,1,1,0
1920,2,2,0,0,1,0,3,3,1,3,2
1921,3,2,0,0,1,1,0,0,0,1,3
1922,3,3,1,2,2,2,1,3,3,3,2
1923,2,0,3,3,3,3,1,3,0,3,3
1924,1,2,0,1,3,3,2,1,0,0,1
1925,2,2,0,1,1,3,1,0,2,2,3
1926,3,3,2,2,0,2,2,3,1,0,3
1927,3,3,0,3,2,3,2,3,1,1,2
1928,3,2,1,1,2,0,0,2,1,1,1
1929,3,1,1,3,0,2,0,3,3,2,3
1930,2,2,3,3,3,3,1,0,1,3,3
1931,3,2,2,1,2,0,1,1,3,0,1
1932,3,0,1,2,1,2,1,3,2,3,0
1933,1,3,0,3,1,0,2,1,2,3,3
1934,1,3,1,1,3,2,2,3,3,2,2
1935,2,2,3,0,0,2,0,1,1,0,2
1936,2,0,0,0,1,3,1,0,3,3,0
1937,2,3,1,0,0,1,2,3,3,0,1
1938,0,0,0,3,2,0,2,2,2,3,2
1939,3,0,2,3,2,1,3,2,0,0,0
1940,1,1,2,3,0,3,2,1,0,1,2
1941,0,1,2,3,1,2,2,1,2,1,1
1942,3,1,0,1,3,2,2,2,1,2,0
1943,1,2,0,3,2,0,2,2,3,2,2
1944,1,1,3,0,3,3,3,0,1,0,1
1945,2,3,2,1,0,2,1,3,0,1,0
1946,1,0,0,1,2,3,0,2,0,2,2
1947,3,2,1,0,2,0,2,0,1,2,1
1948,0,3,2,0,3,0,0,0,3,0,3
1949,3,0,3,2,2,1,2,2,1,1,0
1950,3,3,0,0,3,2,0,2,0,3,0
1951,1,2,3,0,3,0,0,1,0,1,3
1952,2,0,3,2,2,0,1,3,2,0,0
1953,2,2,1,2,0,1,1,1,3,3,3
1954,0,2,3,1,2,3,0,3,0,3,3
1955,3,2,0,1,1,1,3,3,0,2,1
1956,0,2,1,2,1,0,3,3,1,1,0
1957,3,3,1,1,3,2,1,2,0,0,1
1958,2,1,3,1,1,0,2,3,2,0,3
1959,0,2,0,3,1,2,0,0,0,3,2
1960,3,0,3,0,0,1,0,2,0,1,2
1961,0,3,3,2,0,0,0,1,1,0,2
1962,3,2,1,1,2,1,1,0,3,2,0
1963,1,1,2,3,2,2,2,0,2,2,1
1964,3,3,0,0,2,1,3,1,1,0,2
1965,1,3,2,2,3,3,0,1,1,1,1
1966,0,1,0,0,1,2,1,3,2,3,0
1967,0,1,3,3,3,1,0,3,2,3,1
1968,2,0,0,0,2,0,2,2,0,3,3
1969,0,0,1,1,2,1,2,0,2,2,3
1970,0,3,2,0,1,3,0,3,3,0,1
1971,1,3,2,1,2,0,0,3,3,1,1
1972,0,1,2,3,3,2,0,2,3,3,2
1973,0,0,0,1,0,1,0,1,1,1,3
1974,3,3,2,1,0,0,1,1,0,2,3
1975,2,1,1,3,1,3,3,1,0,0,0
1976,2,1,3,1,0,3,0,3,2,3,2
1977,0,1,1,0,3,1,2,1,2,3,3
1978,0,3,1,3,3,1,2,1,1,2,0
1979,0,0,1,0,2,2,1,1,2,3,1
1980,1,3,2,0,1,3,1,3,1,0,3
1981,3,3,3,0,2,3,2,1,0,0,2
1982,2,0,2,2,2,3,0,2,1,2,0
1983,2,3,1,1,2,1,0,2,2,1,2
1984,2,3,0,0,1,2,0,2,0,0,0
1985,2,3,0,2,0,3,1,1,0,3,3
1986,0,1,2,2,1,1,1,2,3,0,3
1987,3,0,0,0,2,3,2,0,0,0,2
1988,0,1,2,3,2,1,1,1,0,3,1
1989,3,2,1,0,0,2,2,3,3,1,3
1990,0,0,3,3,3,3,3,3,1,1,0
1991,3,1,0,0,0,1,2,3,2,2,1
1992,2,1,0,0,3,2,2,2,2,3,0
1993,0,0,0,2,1,0,0,3,2,3,0
1994,1,2,1,1,0,0,2,0,1,0,2
1995,2,3,3,1,2,1,3,2,0,3,0
1996,2,0,3,1,0,2,3,3,0,0,0
1997,3,2,2,1,1,2,1,3,0,1,2
1998,2,2,0,2,1,1,2,2,3,3,2
1999,2,0,1,1,3,0,0,3,1,0,0
2000,2,3,3,2,0,2,3,1,2,2,1
2001,0,2,3,0,0,2,0,1,0,0,2
2002,0,1,2,0,3,0,2,0,1,0,2
2003,2,2,3,3,1,1,1,1,3,2,3
2004,3,3,0,1,2,3,2,0,0,3,3
2005,3,3,3,3,0,0,1,1,2,0,3
2006,1,3,2,1,2,3,3,3,3,3,1
2007,3,2,0,3,3,2,1,1,3,2,0
2008,0,0,2,1,1,3,0,1,1,3,0
2009,3,2,0,1,1,0,3,3,2,1,3
2010,1,0,2,2,1,2,3,1,2,0,0
2011,1,1,0,2,1,0,1,1,3,2,0
2012,2,1,0,1,0,3,0,1,3,0,3
2013,1,0,1,3,3,1,2,3,1,1,2
2014,0,1,2,2,1,1,1,1,3,3,2
2015,1,2,0,3,2,3,1,1,2,3,1
2016,1,1,3,0,0,2,1,3,0,2,2
2017,0,1,2,2,3,1,0,2,1,1,0
2018,1,2,2,1,0,2,1,3,0,1,1
2019,0,2,0,1,3,0,1,1,3,0,2
2020,2,0,3,1,1,0,2,0,0,3,0
2021,0,2,3,2,2,1,1,2,3,2,3
2022,0,2,3,2,2,3,0,3,2,3,1
2023,0,2,3,0,1,0,2,2,2,3,3
2024,2,1,3,3,3,3,0,1,1,3,0
2025,0,3,1,3,3,3,2,2,0,3,2
2026,3,3,1,3,1,0,0,2,3,2,2
2027,3,3,1,0,1,3,2,1,1,3,2
2028,1,2,2,3,2,3,0,1,0,2,3
2029,2,2,0,1,0,0,1,0,2,2,3
2030,2,3,3,3,2,2,2,1,2,3,3
2031,3,2,2,2,0,1,3,0,2,3,0
2032,0,0,1,1,0,2,2,2,1,3,1
2033,3,2,2,3,0,3,3,1,0,2,1
2034,1,3,0,0,0,3,0,2,3,1,1
2035,0,2,2,1,2,0,3,3,2,3,0
2036,0,0,0,0,2,3,2,0,0,0,1
2037,1,1,2,1,3,1,2,1,2,1,2
2038,1,0,3,3,3,1,0,2,3,2,0
2039,1,1,2,2,1,1,0,2,1,2,3
2040,2,2,1,0,2,1,0,2,3,0,0
2041,0,0,1,2,3,3,3,1,3,3,2
2042,1,3,2,3,0,0,3,3,1,2,2
2043,1,1,1,3,1,0,0,2,2,1,2
2044,0,0,0,0,2,3,3,0,0,1,3
2045,3,0,0,3,2,2,2,0,3,2,0
2046,2,3,3,2,3,3,3,3,1,1,0
2047,2,1,3,2,0,1,2,3,1,1,1
2048,3,0,2,3,0,0,3,3,3,3,2
2049,2,3,3,3,0,2,1,2,1,0,0
2050,1,3,2,3,1,0,1,1,3,1,3
2051,2,2,3,2,1,0,0,2,0,0,1
2052,1,2,0,2,2,2,2,3,0,1,3
2053,1,2,2,1,0,3,0,2,3,3,0
2054,0,2,3,1,3,1,2,3,0,3,2
2055,2,2,3,1,3,3,1,3,3,2,3
2056,0,2,0,1,0,1,3,0,0,3,1
2057,2,1,2,2,0,2,0,2,2,0,2
2058,2,0,0,2,2,3,1,2,1,0,2
2059,2,3,2,0,2,2,1,3,3,2,1
2060,3,0,3,3,3,3,3,0,0,0,1
2061,2,1,0,2,0,0,0,3,1,3,2
2062,1,1,0,0,2,2,2,0,0,3,3
2063,1,3,0,3,1,1,3,1,3,0,0
2064,0,2,2,1,3,3,1,1,1,1,0
2065,1,0,3,3,2,2,1,3,0,0,0
2066,2,0,2,3,0,1,3,2,1,0,1
2067,1,1,0,1,1,3,3,2,1,0,1
2068,1,0,3,1,1,2,2,3,2,2,2
2069,1,2,1,0,0,3,1,2,1,1,2
2070,0,2,1,1,2,2,2,0,1,2,0
2071,2,1,3,2,0,3,3,0,3,1,3
2072,1,2,3,1,3,0,0,3,2,1,3
2073,3,3,0,1,1,2,2,0,2,0,1
2074,2,2,0,0,0,1,0,0,3,2,2
2075,1,3,0,3,0,0,2,2,1,0,2
2076,3,2,0,2,0,0,3,2,0,3,1
2077,3,1,3,1,2,0,1,3,0,2,3
2078,1,1,0,0,3,1,0,2,3,0,2
2079,0,3,0,2,2,1,2,3,3,1,2
2080,0,2,0,1,2,2,1,1,1,1,3
2081,1,1,3,3,1,1,0,2,2,0,1
2082,2,1,1,3,3,1,0,0,0,2,0
2083,2,3,1,3,2,1,1,3,2,3,2
2084,2,2,1,0,3,0,2,1,2,1,2
2085,3,0,0,0,3,0,2,2,3,1,2
2086,2,0,3,3,3,0,0,0,2,2,1
2087,1,1,2,2,2,0,2,3,0,1,2
2088,1,0,0,2,1,3,0,0,3,1,1
2089,3,2,2,1,2,3,0,2,0,0,0
2090,3,1,1,1,0,0,2,0,0,1,1
2091,2,3,2,2,3,2,2,3,3,0,3
2092,3,3,1,0,1,0,3,2,2,1,3
2093,0,1,3,2,1,3,3,2,0,0,0
2094,2,3,1,1,1,2,2,1,3,1,1
2095,3,2,1,2,2,3,2,3,0,1,0
2096,3,3,1,0,0,3,1,3,2,0,1
2097,2,0,1,0,3,0,1,1,3,3,0
2098,3,3,0,0,1,1,0,3,1,2,0
2099,3,2,3,1,0,1,1,3,2,3,3
2100,2,2,2,2,3,3,0,1,2,2,0
2101,3,2,1,2,0,0,1,0,1,3,3
2102,0,0,0,0,2,1,3,0,1,0,0
2103,0,2,1,2,0,0,0,1,3,2,0
2104,3,1,1,0,2,2,3,0,1,0,3
2105,0,2,0,2,2,3,3,1,0,3,2
2106,3,3,0,1,0,3,3,1,0,3,3
2107,2,2,3,0,2,3,3,2,0,0,0
2108,1,0,0,2,3,0,1,2,3,2,0
2109,2,0,1,3,2,0,3,2,1,2,3
2110,2,0,3,3,1,1,1,2,3,3,2
2111,3,2,1,2,2,3,0,0,0,2,1
2112,3,2,2,2,1,1,2,3,1,1,0
2113,2,0,3,0,3,0,1,0,1,0,1
2114,2,0,3,0,2,0,3,2,0,1,0
2115,2,0,3,0,0,0,0,0,2,0,2
2116,2,3,0,3,1,1,1,0,2,1,1
2117,1,3,3,1,1,2,1,3,3,3,3
2118,0,0,2,2,0,2,0,1,0,1,3
2119,2,2,1,1,0,2,3,3,0,0,3
2120,1,0,0,2,2,1,1,1,3,3,1
2121,2,0,1,1,1,3,2,2,1,3,2
2122,1,0,0,2,3,3,1,3,1,2,2
2123,3,3,0,1,0,1,0,1,3,2,2
2124,1,1,0,2,3,1,1,0,2,1,2
2125,3,2,2,3,3,2,0,1,0,2,3
2126,2,1,0,2,1,2,1,3,2,0,2
2127,2,3,0,3,1,1,2,3,1,0,2
2128,2,1,2,1,3,0,2,0,3,1,1
2129,3,3,2,0,3,0,2,1,0,0,2
2130,1,1,2,2,2,2,0,3,1,0,1
2131,1,3,2,2,0,0,0,0,2,2,0
2132,2,3,1,2,3,2,2,2,0,3,0
2133,1,1,3,0,0,1,3,2,1,0,2
2134,2,0,0,2,2,1,2,0,1,0,3
2135,1,1,1,3,0,2,0,2,0,1,0
2136,2,3,1,3,2,0,1,3,1,0,3
2137,0,2,0,1,2,1,2,0,1,2,3
2138,1,3,1,3,2,2,0,3,0,2,3
2139,3,0,2,1,0,2,0,3,3,3,2
2140,1,1,3,3,3,2,2,0,3,2,3
2141,0,2,3,2,3,1,2,0,2,3,3
2142,0,0,2,2,0,3,2,0,1,0,3
2143,3,3,3,2,2,0,0,0,2,0,2
2144,1,0,3,3,0,1,1,2,2,0,1
2145,2,1,0,3,1,0,1,2,2,0,1
2146,0,2,1,2,0,0,3,3,0,2,2
2147,2,1,0,3,2,3,1,3,3,0,2
2148,3,3,3,1,0,0,0,2,0,3,2
2149,1,2,2,1,3,0,2,1,1,1,0
2150,3,2,1,2,2,2,1,1,0,2,0
2151,0,2,1,2,2,1,0,2,3,0,1
2152,3,3,0,2,0,2,3,3,0,3,0
2153,2,2,3,3,3,1,2,2,1,0,0
2154,0,3,2,0,1,3,0,0,1,3,2
2155,0,1,0,3,0,1,0,1,1,0,2
2156,1,3,2,3,2,0,3,1,3,3,0
2157,3,2,2,2,2,0,0,0,3,3,1
2158,3,1,1,2,2,1,0,1,0,2,0
2159,2,0,0,3,1,2,1,3,1,0,1
2160,0,3,1,2,0,1,3,3,3,1,2
2161,2,2,1,0,0,0,0,3,2,1,0
2162,2,1,1,0,2,3,2,2,0,0,1
2163,3,0,1,2,3,0,1,2,0,2,2
2164,3,3,3,1,0,2,0,0,3,3,3
2165,1,2,1,2,3,1,3,1,3,1,2
2166,1,3,0,2,1,2,3,3,0,2,1
2167,0,0,3,0,1,0,1,2,3,2,2
2168,2,3,0,3,1,2,1,1,0,2,0
2169,0,0,1,1,3,2,1,3,0,1,0
2170,0,1,2,3,2,0,0,0,3,2,2
2171,3,1,1,3,0,0,1,0,1,0,0
2172,2,2,1,3,3,3,3,2,0,3,0
2173,2,2,3,2,1,0,2,3,3,3,2
2174,1,2,2,0,3,2,3,3,0,1,3
2175,1,3,3,1,3,3,3,0,0,0,1
2176,1,3,0,0,2,3,1,3,1,0,2
2177,2,3,2,0,1,1,2,0,2,1,2
2178,1,3,3,0,1,2,3,3,3,1,0
2179,2,0,0,1,3,0,2,1,3,3,3
2180,3,0,1,1,2,0,1,3,1,1,1
2181,3,2,1,0,2,1,1,1,3,3,2
2182,3,0,0,2,0,2,0,0,0,1,1
2183,1,0,1,3,0,0,0,3,2,2,1
2184,0,3,0,1,0,3,0,2,0,3,3
2185,1,0,1,0,1,2,2,3,1,1,1
2186,2,2,3,1,2,0,3,1,0,3,1
2187,1,0,1,2,1,3,2,1,3,3,3
2188,0,3,3,2,0,0,0,1,3,1,0
2189,0,0,3,3,1,1,1,3,0,1,1
2190,2,0,1,3,2,1,2,1,1,1,0
2191,2,3,2,0,0,2,0,2,2,1,2
2192,3,3,2,3,1,1,3,3,1,3,2
2193,3,2,2,3,0,1,3,3,1,3,3
2194,3,3,2,1,2,3,3,3,3,3,0
2195,0,1,3,1,3,3,3,1,0,0,2
2196,3,3,0,1,0,2,2,3,3,0,3
2197,0,3,2,0,3,3,2,2,1,0,0
2198,2,3,0,3,3,0,3,1,0,2,2
2199,1,3,1,1,1,2,3,3,1,2,0
2200,0,2,0,1,2,2,2,3,0,1,2
2201,2,3,3,2,3,2,0,2,1,0,0
2202,3,1,2,0,3,2,0,3,0,1,2
2203,2,0,1,3,3,1,2,0,0,3,1
2204,0,2,3,2,1,2,2,3,1,3,0
2205,1,2,1,3,1,0,2,1,1,2,0
2206,2,1,2,2,3,1,2,0,3,2,2
2207,1,3,2,1,3,3,0,2,0,1,0
2208,1,0,1,1,1,3,2,1,2,1,2
2209,2,3,3,1,2,1,1,3,3,3,0
2210,2,1,0,2,1,2,1,0,3,3,0
2211,1,0,0,0,3,2,2,0,1,1,3
2212,2,1,1,0,2,3,2,3,0,0,0
2213,0,2,1,1,0,2,0,2,0,1,2
2214,0,3,0,2,2,1,0,0,3,0,1
2215,0,0,1,3,3,1,0,1,0,2,1
2216,0,2,1,2,2,1,2,3,3,2,1
2217,1,0,2,1,1,3,0,3,3,0,0
2218,3,3,2,3,1,2,0,3,1,0,3
2219,1,2,1,0,2,3,0,1,0,2,1
2220,3,3,0,3,1,3,3,2,0,3,3
2221,2,1,0,0,1,0,0,0,1,0,3
2222,0,0,3,2,3,3,1,3,1,2,3
2223,1,2,2,1,1,0,0,0,1,2,0
2224,1,0,2,1,1,1,2,2,0,0,1
2225,2,0,3,0,1,1,3,2,0,3,0
2226,3,1,1,0,3,2,1,2,2,2,2
2227,1,1,0,2,2,3,3,1,0,2,0
2228,3,2,3,3,0,1,3,0,1,3,3
2229,1,3,1,1,1,1,0,2,0,1,2
2230,1,2,3,3,3,2,2,0,2,0,1
2231,3,0,2,2,0,3,0,1,1,2,2
2232,0,1,1,0,2,3,0,2,1,1,1
2233,1,1,0,0,2,1,0,0,2,2,1
2234,2,0,3,0,3,3,1,3,3,0,3
2235,3,0,2,0,3,1,1,1,1,0,1
2236,0,1,2,1,0,1,1,0,0,2,1
2237,1,1,1,1,1,1,0,1,1,3,3
2238,2,1,1,0,2,2,2,2,3,2,2
2239,0,3,3,1,3,2,1,0,0,2,1
2240,2,1,2,1,2,1,3,3,2,1,3
2241,2,1,0,2,2,1,1,3,3,2,1
2242,1,1,2,3,3,0,2,2,3,0,1
2243,3,0,1,2,3,2,3,1,0,2,3
2244,2,2,0,0,1,1,2,2,2,0,3
2245,2,2,3,3,2,0,3,1,2,0,3
2246,3,2,0,1,0,1,2,2,3,1,3
2247,3,0,0,2,0,2,2,1,1,0,0
2248,0,0,0,0,1,2,0,0,1,2,0
2249,2,2,2,1,1,0,0,1,1,0,2
2250,0,3,0,2,2,1,3,3,3,3,1
2251,2,3,0,2,3,1,3,1,3,2,0
2252,2,0,2,2,1,1,1,0,0,3,3
2253,3,1,1,3,0,2,1,1,2,1,2
2254,0,3,3,2,1,1,2,3,1,1,3
2255,2,1,0,0,3,2,2,1,2,2,0
2256,1,2,0,0,0,0,1,1,0,1,3
2257,2,3,2,1,3,0,0,0,0,3,0
2258,2,1,3,3,3,3,3,3,2,0,2
2259,2,1,0,1,0,0,1,3,0,1,2
2260,3,2,2,2,0,2,1,3,3,2,1
2261,0,1,2,3,2,0,1,2,3,3,3
2262,0,3,0,1,1,0,2,2,2,1,2
2263,3,2,1,3,0,2,1,0,0,0,3
2264,2,1,0,1,2,1,0,3,1,1,3
2265,1,1,2,3,3,0,1,3,2,3,3
2266,1,0,2,2,2,3,1,2,2,2,1
2267,0,2,3,3,2,0,2,0,0,2,2
2268,0,2,1,2,2,1,1,2,1,3,0
2269,0,1,0,2,1,0,2,0,2,3,3
2270,3,0,3,0,3,3,2,3,1,3,3
2271,2,2,1,2,3,1,3,0,0,1,1
2272,3,2,0,0,0,3,0,3,0,1,3
2273,0,0,2,1,0,0,2,3,3,0,2
2274,3,1,3,0,2,2,3,0,3,2,3
2275,0,1,0,0,1,1,0,0,2,2,3
2276,1,3,0,2,2,0,0,3,3,3,2
2277,3,3,0,0,3,2,0,2,0,0,0
2278,2,0,3,1,2,3,3,3,1,2,2
2279,1,0,2,2,0,2,0,1,0,2,1
2280,2,1,3,1,1,0,0,0,1,2,1
2281,0,1,1,1,2,3,2,0,1,3,2
2282,2,1,2,1,1,1,0,3,1,0,0
2283,0,1,2,0,0,0,0,3,1,1,1
2284,1,0,2,1,2,0,1,3,1,1,1
2285,0,0,0,3,1,3,3,1,1,1,1
2286,1,1,0,3,2,1,3,2,3,3,1
2287,1,1,2,1,2,3,0,3,3,2,1
2288,2,1,0,0,1,3,3,0,1,3,3
2289,3,2,2,2,3,0,2,3,3,1,0
2290,1,1,0,3,3,3,0,3,0,3,3
2291,2,1,0,0,2,3,0,2,0,3,3
2292,2,1,0,3,3,0,0,0,0,2,0
2293,1,2,2,3,2,1,1,2,2,0,3
2294,3,2,0,3,0,0,0,1,1,1,3
2295,2,1,2,3,2,0,3,0,2,3,3
2296,1,2,1,2,0,3,1,1,0,0,3
2297,1,2,0,3,0,2,1,1,3,2,2
2298,3,2,3,3,0,3,3,1,2,1,0
2299,2,3,3,1,3,1,2,1,2,0,1
2300,2,1,2,2,3,0,0,3,3,2,1
2301,1,0,2,1,1,0,0,0,1,3,3
2302,1,3,0,2,3,3,3,1,0,2,0
2303,2,0,1,0,3,1,0,0,0,2,2
2304,0,3,3,0,0,3,2,1,0,2,1
2305,0,1,2,2,2,1,0,2,2,0,3
2306,0,0,2,1,3,1,1,3,3,3,2
2307,2,3,3,3,0,2,0,1,1,2,2
2308,3,3,1,2,0,3,3,1,0,2,0
2309,2,0,1,3,3,0,2,3,1,1,2
2310,3,2,2,3,0,3,2,0,1,2,0
2311,2,3,1,0,1,3,3,0,3,2,2
2312,0,3,2,3,0,2,1,0,3,1,1
2313,1,0,3,2,3,2,0,1,1,1,0
2314,0,3,1,2,1,1,2,2,0,2,0
2315,1,3,0,2,0,0,0,3,2,3,1
2316,2,2,3,3,1,0,2,3,2,3,0
2317,3,0,0,3,2,0,1,1,0,1,3
2318,2,3,0,2,0,0,3,2,1,3,3
2319,0,0,3,1,0,1,0,3,3,3,2
2320,0,1,1,3,1,0,2,2,1,0,3
2321,0,1,2,1,1,0,1,0,3,2,3
2322,0,0,0,0,3,3,2,2,1,3,3
2323,2,2,0,1,0,1,0,1,2,0,0
2324,3,1,2,2,0,3,3,2,3,2,1
2325,2,3,0,3,1,3,0,3,3,1,1
2326,2,1,1,0,3,0,0,1,3,0,3
2327,1,2,3,0,2,2,1,3,0,0,1
2328,0,3,0,3,2,0,0,3,0,3,0
2329,0,2,2,3,0,0,1,0,2,1,2
2330,0,3,0,0,2,2,0,2,1,3,3
2331,0,2,0,3,2,1,2,1,1,2,0
2332,0,1,1,3,3,2,0,0,3,2,1
2333,1,1,0,2,3,0,0,2,0,0,1
2334,0,3,1,0,0,3,2,3,1,3,3
2335,3,3,1,0,1,1,1,0,3,2,3
2336,3,0,0,2,1,0,0,3,0,3,1
2337,3,0,2,0,0,3,1,0,3,2,1
2338,0,2,3,3,2,3,2,2,3,3,1
2339,1,2,3,1,3,3,0,3,3,1,2
2340,0,3,2,0,2,2,2,1,1,1,2
2341,0,0,2,1,2,0,3,0,3,0,3
2342,1,1,2,1,1,0,0,2,0,0,0
2343,1,1,1,2,0,2,2,1,2,2,0
2344,1,3,0,0,0,2,0,0,3,3,2
2345,3,0,2,3,0,2,3,1,2,2,1
2346,1,2,3,1,2,3,3,1,1,1,1
2347,3,1,1,0,3,3,1,0,0,3,2
2348,3,0,0,3,2,1,3,2,3,0,2
2349,1,0,2,2,3,0,1,0,0,2,2
2350,0,1,1,0,1,1,0,0,2,3,3
2351,3,3,1,0,0,1,0,0,2,3,1
2352,0,2,1,2,3,2,0,0,0,3,0
2353,2,0,0,0,0,0,2,3,0,3,3
2354,1,2,3,2,2,2,2,3,1,0,2
2355,2,3,3,0,0,2,1,0,0,3,0
2356,2,3,3,1,3,0,0,1,0,3,3
2357,1,1,1,0,1,2,1,2,3,3,1
2358,3,3,1,2,3,1,1,1,3,3,2
2359,1,2,0,1,0,3,2,3,1,3,1
2360,2,3,2,0,0,1,2,1,1,1,0
2361,0,3,0,0,1,3,1,1,2,2,2
2362,0,2,3,3,0,3,1,3,1,2,1
2363,0,0,1,0,3,0,3,1,2,1,3
2364,3,3,2,1,1,0,2,0,2,1,2
2365,1,3,3,2,1,3,1,1,3,1,0
2366,3,1,0,3,0,2,0,1,0,0,3
2367,3,3,2,3,0,3,0,0,0,0,2
2368,2,0,2,3,1,1,3,2,0,1,2
2369,0,2,1,3,0,1,1,3,0,3,2
2370,1,0,0,1,2,0,1,0,3,0,3
2371,3,1,2,0,1,0,3,3,2,3,0
2372,3,0,2,0,3,2,2,1,3,2,2
2373,1,3,1,1,3,0,2,1,1,3,0
2374,0,3,3,0,1,0,1,0,0,0,3
2375,1,0,3,2,0,0,0,3,2,0,3
2376,1,2,2,0,3,2,2,2,3,0,2
2377,1,0,1,1,1,1,2,2,2,0,3
2378,2,2,2,0,0,1,2,3,2,2,1
2379,0,1,3,1,1,0,3,0,2,1,3
2380,0,3,0,1,2,2,3,0,3,1,3
2381,3,1,0,2,2,2,0,1,3,1,3
2382,2,2,3,2,0,1,0,0,1,0,0
2383,2,0,0,0,1,2,2,1,3,3,0
2384,2,3,2,3,1,3,0,0,0,3,2
2385,0,1,0,1,1,2,0,2,0,2,2
2386,1,0,1,2,2,2,1,2,3,0,2
2387,1,1,1,1,1,0,2,1,3,0,3
2388,3,3,0,0,0,1,2,3,1,2,1
2389,0,2,2,2,3,3,2,0,3,3,1
2390,2,0,3,2,1,0,1,3,0,0,1
2391,0,1,3,0,0,3,1,3,1,3,2
2392,0,1,3,0,0,0,0,1,0,0,0
2393,3,1,1,3,2,3,2,3,2,1,0
2394,0,1,3,3,0,3,3,3,0,1,3
2395,2,1,1,2,1,3,0,2,3,3,0
2396,2,3,0,0,0,3,1,1,0,2,3
2397,1,1,0,0,3,0,2,2,3,1,3
2398,3,3,3,2,0,0,1,2,0,0,1
2399,1,2,0,2,2,1,2,3,3,1,2
2400,1,3,3,0,3,3,0,1,0,2,0
2401,2,0,0,1,2,0,0,1,1,0,0
2402,0,2,0,1,2,1,2,1,0,0,1
2403,3,2,2,1,2,3,1,3,1,1,1
2404,0,3,1,1,2,2,1,3,1,3,2
2405,0,3,3,0,3,0,1,3,3,3,1
2406,3,2,3,3,0,2,2,0,1,1,3
2407,3,3,3,1,0,0,0,0,3,3,2
2408,3,2,0,1,3,0,1,2,1,2,2
2409,0,2,0,0,2,3,1,0,2,1,2
2410,2,3,2,1,2,1,2,3,3,2,0
2411,0,1,1,2,0,3,2,1,0,3,0
2412,3,3,2,3,2,2,0,2,3,3,3
2413,1,2,0,3,3,2,3,3,0,0,0
2414,0,3,3,1,0,0,2,2,2,1,0
2415,3,3,3,0,1,0,2,1,3,3,3
2416,1,0,0,0,1,1,1,0,3,2,3
2417,0,3,1,3,3,1,1,0,2,1,2
2418,2,0,0,1,3,1,1,2,3,1,2
2419,2,2,2,1,1,0,3,3,3,2,2
2420,3,1,1,2,2,2,2,2,0,3,3
2421,2,0,0,0,2,2,2,2,2,0,3
2422,1,0,3,3,1,2,3,2,1,2,1
2423,3,1,2,1,3,1,2,1,2,2,1
2424,0,0,3,0,0,1,3,3,1,1,2
2425,3,2,3,0,0,1,2,3,1,0,1
2426,1,0,0,3,2,1,3,1,3,2,3
2427,3,2,1,0,3,3,2,2,1,1,3
2428,1,1,1,2,1,0,3,1,3,1,1
2429,0,3,0,0,3,1,1,2,2,0,2
2430,3,2,0,1,2,2,2,0,1,0,1
2431,2,0,0,1,1,0,3,3,3,0,3
2432,2,1,3,0,3,0,2,3,2,3,3
2433,3,1,2,1,1,1,2,3,1,2,1
2434,3,2,1,2,1,2,1,0,0,3,2
2435,1,1,3,3,3,2,0,1,0,1,2
2436,2,0,1,2,0,3,1,2,2,3,0
2437,1,2,0,1,3,2,1,2,3,3,1
2438,2,2,3,3,0,1,2,3,0,1,0
2439,1,2,0,3,0,0,3,0,3,0,3
2440,3,3,1,1,0,3,1,1,1,1,3
2441,3,3,1,2,3,1,1,3,3,3,0
2442,1,2,3,3,1,2,2,3,1,2,1
2443,0,2,0,1,1,3,2,3,3,0,3
2444,1,2,2,2,1,3,1,3,0,0,3
2445,3,1,2,3,0,1,0,0,2,3,2
2446,1,1,1,3,1,2,2,3,3,2,3
2447,1,0,1,3,1,0,2,2,1,1,0
2448,0,3,3,0,1,1,1,1,3,2,1
2449,1,1,3,2,0,3,2,3,1,3,1
2450,0,3,1,1,1,2,1,2,1,2,3
2451,2,2,0,1,0,0,3,3,1,2,0
2452,3,0,3,1,0,3,2,3,1,1,3
2453,2,1,2,3,0,3,3,2,2,1,3
2454,0,0,0,0,0,3,1,2,1,0,3
2455,2,0,2,1,3,2,1,2,1,0,2
2456,3,2,2,3,2,2,3,2,1,1,1
2457,0,3,0,1,2,0,0,2,1,3,2
2458,1,0,1,1,2,1,2,1,1,3,2
2459,0,0,2,1,1,1,1,2,1,1,1
2460,1,0,3,2,3,2,0,3,3,2,0
2461,0,3,0,2,2,2,0,0,2,0,1
2462,3,2,3,1,1,1,1,2,3,3,3
2463,2,1,1,3,0,0,0,1,2,0,3
2464,1,2,1,2,0,3,0,1,1,1,2
2465,1,1,2,1,0,2,1,2,3,0,2
2466,2,0,0,2,1,3,1,2,2,2,0
2467,3,3,0,0,2,1,3,2,2,1,0
2468,1,2,3,2,0,2,1,0,2,3,3
2469,2,1,1,1,1,0,2,2,1,0,3
2470,0,3,1,3,0,2,2,3,2,3,1
2471,3,1,1,3,0,3,2,3,2,1,1
2472,0,2,0,2,2,3,2,1,2,0,3
2473,1,1,0,2,1,0,2,2,3,1,1
2474,0,1,2,0,3,1,2,0,2,2,1
2475,0,3,1,2,0,0,0,0,3,3,3
2476,1,1,0,2,0,0,0,0,1,3,1
2477,2,2,1,3,3,0,1,3,2,2,0
2478,2,0,1,0,2,3,3,0,0,0,0
2479,0,0,1,1,1,3,1,1,1,3,3
2480,0,3,0,0,2,0,0,1,3,3,3
2481,2,0,3,2,3,0,3,3,1,3,3
2482,2,1,1,1,1,1,1,2,2,1,1
2483,2,0,0,2,0,3,0,1,1,0,2
2484,0,2,3,0,0,3,1,1,2,3,3
2485,0,3,0,2,1,2,3,2,0,3,3
